0,1,4.87,7.16
10,1,4.5099998,7.58
20,1,4.2,7.3
30,1,3.9499998,7.71
40,1,3.4699998,7.86
50,1,2.8199997,8.0
60,1,2.0099998,8.0
70,1,1.2799997,7.82
80,1,0.53999996,7.4
90,1,-0.1800003,7.06
100,1,-0.8300004,6.43
110,1,-1.5200005,6.05
0,2,6.29,7.0
10,2,5.62,7.1000004
20,2,5.06,7.04
30,2,4.69,7.0
40,2,4.3500004,7.01
50,2,3.7600002,6.9900002
60,2,3.1900003,6.8900003
70,2,2.6200004,7.13
80,2,1.7800002,7.15
90,2,1.0100002,6.96
100,2,0.07000017,6.9100003
110,2,-0.7199998,6.6600003
120,3,7.17,5.45
130,3,6.43,5.23
140,3,5.67,5.16
150,3,4.94,4.95
160,3,4.26,4.71
170,3,3.54,4.54
180,3,2.8199997,4.35
190,3,2.1599998,4.19
200,3,1.3899999,3.9699998
210,3,0.71000004,3.7199998
220,3,0.010000229,3.4099998
230,3,-0.6300001,3.08
120,4,6.7299995,5.97
130,4,5.9799995,5.8
140,4,5.21,5.74
150,4,4.45,5.61
160,4,3.7599998,5.6
170,4,3.0299997,5.39
180,4,2.2799997,5.24
190,4,1.5699997,5.06
200,4,0.8299999,4.87
210,4,0.10999966,4.6800003
220,4,-0.6500006,4.3
230,4,-1.4800005,3.9
240,5,7.05,8.44
250,5,7.05,8.44
260,5,7.05,8.44
270,5,7.05,8.44
280,5,7.05,8.44
290,5,7.05,8.44
300,5,7.05,8.44
310,5,6.9300003,8.259999
320,5,6.8700004,8.089999
330,5,7.02,7.9099994
340,5,7.07,7.7799997
350,5,7.1000004,7.8199997
240,6,8.09,8.84
250,6,8.09,8.84
260,6,8.09,8.84
270,6,8.09,8.84
280,6,8.09,8.84
290,6,8.09,8.84
300,6,8.09,8.84
310,6,8.09,8.84
320,6,8.09,8.84
330,6,8.09,8.84
340,6,8.09,8.84
350,6,8.09,8.84
240,7,12.78,3.0800002
250,7,12.78,3.0800002
260,7,12.78,3.0800002
270,7,12.78,3.0800002
280,7,12.78,3.0800002
290,7,12.78,3.15
300,7,12.82,3.24
310,7,12.82,3.24
320,7,12.82,3.24
330,7,12.82,3.2
340,7,12.82,3.1100001
350,7,12.82,3.01
360,8,7.05,8.44
370,8,7.05,8.44
380,8,7.05,8.44
390,8,7.05,8.44
400,8,7.05,8.44
410,8,7.05,8.44
420,8,6.9300003,8.259999
430,8,6.8700004,8.089999
440,8,7.02,7.9099994
450,8,7.07,7.7799997
460,8,7.1000004,7.8199997
470,8,6.77,8.089999
360,9,8.09,8.84
370,9,8.09,8.84
380,9,8.09,8.84
390,9,8.09,8.84
400,9,8.09,8.84
410,9,8.09,8.84
420,9,8.09,8.84
430,9,8.09,8.84
440,9,8.09,8.84
450,9,8.09,8.84
460,9,8.09,8.84
470,9,8.09,8.84
360,10,12.78,3.08
370,10,12.78,3.08
380,10,12.78,3.08
390,10,12.78,3.08
400,10,12.78,3.1499999
410,10,12.82,3.24
420,10,12.82,3.24
430,10,12.82,3.24
440,10,12.82,3.1999998
450,10,12.82,3.11
460,10,12.82,3.01
470,10,12.82,3.01
480,11,7.05,8.44
490,11,7.05,8.44
500,11,7.05,8.44
510,11,7.05,8.44
520,11,7.05,8.44
530,11,6.9300003,8.259999
540,11,6.8700004,8.089999
550,11,7.02,7.9099994
560,11,7.07,7.7799997
570,11,7.1000004,7.8199997
580,11,6.77,8.089999
590,11,6.77,8.089999
480,12,8.09,8.84
490,12,8.09,8.84
500,12,8.09,8.84
510,12,8.09,8.84
520,12,8.09,8.84
530,12,8.09,8.84
540,12,8.09,8.84
550,12,8.09,8.84
560,12,8.09,8.84
570,12,8.09,8.84
580,12,8.09,8.84
590,12,8.07,8.84
480,13,12.78,3.08
490,13,12.78,3.08
500,13,12.78,3.08
510,13,12.78,3.1499999
520,13,12.82,3.24
530,13,12.82,3.24
540,13,12.82,3.24
550,13,12.82,3.1999998
560,13,12.82,3.11
570,13,12.82,3.01
580,13,12.82,3.01
590,13,12.59,3.01
600,14,7.05,8.44
610,14,7.05,8.44
620,14,7.05,8.44
630,14,7.05,8.44
640,14,6.9300003,8.259999
650,14,6.8700004,8.089999
660,14,7.02,7.9099994
670,14,7.07,7.7799997
680,14,7.1000004,7.8199997
690,14,6.77,8.089999
700,14,6.77,8.089999
710,14,6.77,8.089999
600,15,8.09,8.84
610,15,8.09,8.84
620,15,8.09,8.84
630,15,8.09,8.84
640,15,8.09,8.84
650,15,8.09,8.84
660,15,8.09,8.84
670,15,8.09,8.84
680,15,8.09,8.84
690,15,8.09,8.84
700,15,8.07,8.84
710,15,8.05,8.83
600,16,12.78,3.08
610,16,12.78,3.08
620,16,12.78,3.1499999
630,16,12.82,3.24
640,16,12.82,3.24
650,16,12.82,3.24
660,16,12.82,3.1999998
670,16,12.82,3.11
680,16,12.82,3.01
690,16,12.82,3.01
700,16,12.59,3.01
710,16,12.59,3.01
720,17,7.05,8.44
730,17,7.05,8.44
740,17,7.05,8.44
750,17,6.9300003,8.259999
760,17,6.8700004,8.089999
770,17,7.02,7.9099994
780,17,7.07,7.7799997
790,17,7.1000004,7.8199997
800,17,6.77,8.089999
810,17,6.77,8.089999
820,17,6.77,8.089999
830,17,6.77,8.129999
720,18,8.09,8.84
730,18,8.09,8.84
740,18,8.09,8.84
750,18,8.09,8.84
760,18,8.09,8.84
770,18,8.09,8.84
780,18,8.09,8.84
790,18,8.09,8.84
800,18,8.09,8.84
810,18,8.07,8.84
820,18,8.05,8.83
830,18,8.05,8.8
720,19,12.78,3.08
730,19,12.78,3.1499999
740,19,12.82,3.24
750,19,12.82,3.24
760,19,12.82,3.24
770,19,12.82,3.1999998
780,19,12.82,3.11
790,19,12.82,3.01
800,19,12.82,3.01
810,19,12.59,3.01
820,19,12.59,3.01
830,19,12.59,3.01
840,20,7.05,8.44
850,20,7.05,8.44
860,20,6.9300003,8.259999
870,20,6.8700004,8.089999
880,20,7.02,7.9099994
890,20,7.07,7.7799997
900,20,7.1000004,7.8199997
910,20,6.77,8.089999
920,20,6.77,8.089999
930,20,6.77,8.089999
940,20,6.77,8.129999
950,20,6.78,8.169999
840,21,8.09,8.84
850,21,8.09,8.84
860,21,8.09,8.84
870,21,8.09,8.84
880,21,8.09,8.84
890,21,8.09,8.84
900,21,8.09,8.84
910,21,8.09,8.84
920,21,8.07,8.84
930,21,8.05,8.83
940,21,8.05,8.8
950,21,8.05,8.8
840,22,12.78,3.1499999
850,22,12.82,3.24
860,22,12.82,3.24
870,22,12.82,3.24
880,22,12.82,3.1999998
890,22,12.82,3.11
900,22,12.82,3.01
910,22,12.82,3.01
920,22,12.59,3.01
930,22,12.59,3.01
940,22,12.59,3.01
950,22,12.59,3.01
960,23,7.05,8.44
970,23,6.9300003,8.259999
980,23,6.8700004,8.089999
990,23,7.02,7.9099994
1000,23,7.07,7.7799997
1010,23,7.1000004,7.8199997
1020,23,6.77,8.089999
1030,23,6.77,8.089999
1040,23,6.77,8.089999
1050,23,6.77,8.129999
1060,23,6.78,8.169999
1070,23,6.6200004,8.549999
960,24,8.09,8.84
970,24,8.09,8.84
980,24,8.09,8.84
990,24,8.09,8.84
1000,24,8.09,8.84
1010,24,8.09,8.84
1020,24,8.09,8.84
1030,24,8.07,8.84
1040,24,8.05,8.83
1050,24,8.05,8.8
1060,24,8.05,8.8
1070,24,8.05,8.8
960,25,12.82,3.24
970,25,12.82,3.24
980,25,12.82,3.24
990,25,12.82,3.2
1000,25,12.82,3.1100001
1010,25,12.82,3.01
1020,25,12.82,3.01
1030,25,12.59,3.01
1040,25,12.59,3.01
1050,25,12.59,3.01
1060,25,12.59,3.01
1070,25,12.59,3.01
1080,26,6.9300003,8.259999
1090,26,6.8700004,8.089999
1100,26,7.02,7.9099994
1110,26,7.07,7.7799997
1120,26,7.1000004,7.8199997
1130,26,6.77,8.089999
1140,26,6.77,8.089999
1150,26,6.77,8.089999
1160,26,6.77,8.129999
1170,26,6.78,8.169999
1180,26,6.6200004,8.549999
1190,26,6.4100003,8.7
1080,27,8.09,8.84
1090,27,8.09,8.84
1100,27,8.09,8.84
1110,27,8.09,8.84
1120,27,8.09,8.84
1130,27,8.09,8.84
1140,27,8.07,8.84
1150,27,8.05,8.83
1160,27,8.05,8.8
1170,27,8.05,8.8
1180,27,8.05,8.8
1190,27,8.05,8.8
1080,28,12.82,3.24
1090,28,12.82,3.24
1100,28,12.82,3.2
1110,28,12.82,3.1100001
1120,28,12.82,3.01
1130,28,12.82,3.01
1140,28,12.59,3.01
1150,28,12.59,3.01
1160,28,12.59,3.01
1170,28,12.59,3.01
1180,28,12.59,3.01
1190,28,12.59,3.01
1200,29,6.87,8.09
1210,29,7.02,7.9100003
1220,29,7.0699997,7.78
1230,29,7.1,7.82
1240,29,6.77,8.09
1250,29,6.77,8.09
1260,29,6.77,8.09
1270,29,6.77,8.13
1280,29,6.7799997,8.17
1290,29,6.62,8.55
1300,29,6.41,8.7
1310,29,6.3599997,8.76
1200,30,8.09,8.84
1210,30,8.09,8.84
1220,30,8.09,8.84
1230,30,8.09,8.84
1240,30,8.09,8.84
1250,30,8.07,8.84
1260,30,8.05,8.83
1270,30,8.05,8.8
1280,30,8.05,8.8
1290,30,8.05,8.8
1300,30,8.05,8.8
1310,30,8.05,8.8
1200,31,12.82,3.24
1210,31,12.82,3.2
1220,31,12.82,3.1100001
1230,31,12.82,3.01
1240,31,12.82,3.01
1250,31,12.59,3.01
1260,31,12.59,3.01
1270,31,12.59,3.01
1280,31,12.59,3.01
1290,31,12.59,3.01
1300,31,12.59,3.01
1310,31,12.54,3.01
1320,32,7.02,7.9100003
1330,32,7.0699997,7.78
1340,32,7.1,7.82
1350,32,6.77,8.09
1360,32,6.77,8.09
1370,32,6.77,8.09
1380,32,6.77,8.13
1390,32,6.7799997,8.17
1400,32,6.62,8.55
1410,32,6.41,8.7
1420,32,6.3599997,8.76
1430,32,6.35,8.690001
1320,33,8.09,8.84
1330,33,8.09,8.84
1340,33,8.09,8.84
1350,33,8.09,8.84
1360,33,8.07,8.84
1370,33,8.05,8.83
1380,33,8.05,8.8
1390,33,8.05,8.8
1400,33,8.05,8.8
1410,33,8.05,8.8
1420,33,8.05,8.8
1430,33,8.05,8.8
1320,34,12.82,3.2
1330,34,12.82,3.1100001
1340,34,12.82,3.01
1350,34,12.82,3.01
1360,34,12.59,3.01
1370,34,12.59,3.01
1380,34,12.59,3.01
1390,34,12.59,3.01
1400,34,12.59,3.01
1410,34,12.59,3.01
1420,34,12.54,3.01
1430,34,12.5199995,3.01
1440,35,7.07,7.7799997
1450,35,7.1,7.8199997
1460,35,6.77,8.09
1470,35,6.77,8.09
1480,35,6.77,8.09
1490,35,6.77,8.13
1500,35,6.78,8.17
1510,35,6.62,8.55
1520,35,6.41,8.7
1530,35,6.36,8.76
1540,35,6.35,8.69
1550,35,6.4,8.49
1440,36,8.09,8.84
1450,36,8.09,8.84
1460,36,8.09,8.84
1470,36,8.07,8.84
1480,36,8.05,8.83
1490,36,8.05,8.8
1500,36,8.05,8.8
1510,36,8.05,8.8
1520,36,8.05,8.8
1530,36,8.05,8.8
1540,36,8.05,8.8
1550,36,8.05,8.8
1440,37,12.82,3.1100001
1450,37,12.82,3.01
1460,37,12.82,3.01
1470,37,12.59,3.01
1480,37,12.59,3.01
1490,37,12.59,3.01
1500,37,12.59,3.01
1510,37,12.59,3.01
1520,37,12.59,3.01
1530,37,12.54,3.01
1540,37,12.5199995,3.01
1550,37,12.5199995,3.01
1560,38,7.1000004,7.82
1570,38,6.77,8.09
1580,38,6.77,8.09
1590,38,6.77,8.09
1600,38,6.77,8.13
1610,38,6.78,8.17
1620,38,6.6200004,8.55
1630,38,6.4100003,8.7
1640,38,6.36,8.76
1650,38,6.3500004,8.690001
1660,38,6.4,8.49
1670,38,6.4,8.49
1560,39,8.09,8.84
1570,39,8.09,8.84
1580,39,8.07,8.84
1590,39,8.05,8.83
1600,39,8.05,8.8
1610,39,8.05,8.8
1620,39,8.05,8.8
1630,39,8.05,8.8
1640,39,8.05,8.8
1650,39,8.05,8.8
1660,39,8.05,8.8
1670,39,8.05,8.8
1560,40,12.82,3.01
1570,40,12.82,3.01
1580,40,12.59,3.01
1590,40,12.59,3.01
1600,40,12.59,3.01
1610,40,12.59,3.01
1620,40,12.59,3.01
1630,40,12.59,3.01
1640,40,12.54,3.01
1650,40,12.5199995,3.01
1660,40,12.5199995,3.01
1670,40,12.549999,3.1
1680,41,6.77,8.09
1690,41,6.77,8.09
1700,41,6.77,8.09
1710,41,6.77,8.13
1720,41,6.7799997,8.17
1730,41,6.62,8.55
1740,41,6.41,8.7
1750,41,6.3599997,8.76
1760,41,6.35,8.690001
1770,41,6.4,8.49
1780,41,6.4,8.49
1790,41,6.4,8.49
1680,42,8.09,8.84
1690,42,8.07,8.84
1700,42,8.05,8.83
1710,42,8.05,8.8
1720,42,8.05,8.8
1730,42,8.05,8.8
1740,42,8.05,8.8
1750,42,8.05,8.8
1760,42,8.05,8.8
1770,42,8.05,8.8
1780,42,8.05,8.8
1790,42,8.05,8.8
1680,43,12.82,3.01
1690,43,12.59,3.01
1700,43,12.59,3.01
1710,43,12.59,3.01
1720,43,12.59,3.01
1730,43,12.59,3.01
1740,43,12.59,3.01
1750,43,12.54,3.01
1760,43,12.5199995,3.01
1770,43,12.5199995,3.01
1780,43,12.549999,3.1
1790,43,12.599999,3.23
1800,44,6.77,8.09
1810,44,6.77,8.09
1820,44,6.77,8.13
1830,44,6.78,8.17
1840,44,6.62,8.55
1850,44,6.41,8.7
1860,44,6.36,8.76
1870,44,6.35,8.690001
1880,44,6.4,8.49
1890,44,6.4,8.49
1900,44,6.4,8.49
1910,44,6.4,8.49
1800,45,8.07,8.84
1810,45,8.05,8.83
1820,45,8.05,8.8
1830,45,8.05,8.8
1840,45,8.05,8.8
1850,45,8.05,8.8
1860,45,8.05,8.8
1870,45,8.05,8.8
1880,45,8.05,8.8
1890,45,8.05,8.8
1900,45,8.05,8.8
1910,45,8.05,8.8
1920,46,6.77,8.09
1930,46,6.77,8.13
1940,46,6.78,8.17
1950,46,6.62,8.55
1960,46,6.41,8.7
1970,46,6.36,8.76
1980,46,6.35,8.690001
1990,46,6.4,8.49
2000,46,6.4,8.49
2010,46,6.4,8.49
2020,46,6.4,8.49
2030,46,6.4,8.49
1920,47,8.049999,8.83
1930,47,8.049999,8.8
1940,47,8.049999,8.8
1950,47,8.049999,8.8
1960,47,8.049999,8.8
1970,47,8.049999,8.8
1980,47,8.049999,8.8
1990,47,8.049999,8.8
2000,47,8.049999,8.8
2010,47,8.049999,8.8
2020,47,8.049999,8.8
2030,47,8.049999,8.8
2040,48,6.77,8.13
2050,48,6.78,8.17
2060,48,6.62,8.55
2070,48,6.41,8.7
2080,48,6.36,8.76
2090,48,6.35,8.690001
2100,48,6.4,8.49
2110,48,6.4,8.49
2120,48,6.4,8.49
2130,48,6.4,8.49
2140,48,6.4,8.49
2150,48,6.4,8.49
2040,49,8.05,8.8
2050,49,8.05,8.8
2060,49,8.05,8.8
2070,49,8.05,8.8
2080,49,8.05,8.8
2090,49,8.05,8.8
2100,49,8.05,8.8
2110,49,8.05,8.8
2120,49,8.05,8.8
2130,49,8.05,8.8
2140,49,8.05,8.8
2150,49,7.9900002,8.8
2160,50,6.78,8.17
2170,50,6.62,8.55
2180,50,6.41,8.7
2190,50,6.36,8.76
2200,50,6.35,8.690001
2210,50,6.4,8.49
2220,50,6.4,8.49
2230,50,6.4,8.49
2240,50,6.4,8.49
2250,50,6.4,8.49
2260,50,6.4,8.49
2270,50,6.4,8.49
2160,51,8.05,8.8
2170,51,8.05,8.8
2180,51,8.05,8.8
2190,51,8.05,8.8
2200,51,8.05,8.8
2210,51,8.05,8.8
2220,51,8.05,8.8
2230,51,8.05,8.8
2240,51,8.05,8.8
2250,51,8.05,8.8
2260,51,7.9900002,8.8
2270,51,7.96,8.77
2280,52,6.6200004,8.55
2290,52,6.4100003,8.7
2300,52,6.36,8.76
2310,52,6.3500004,8.690001
2320,52,6.4,8.49
2330,52,6.4,8.49
2340,52,6.4,8.49
2350,52,6.4,8.49
2360,52,6.4,8.49
2370,52,6.4,8.49
2380,52,6.4,8.49
2390,52,6.4,8.49
2280,53,8.05,8.8
2290,53,8.05,8.8
2300,53,8.05,8.8
2310,53,8.05,8.8
2320,53,8.05,8.8
2330,53,8.05,8.8
2340,53,8.05,8.8
2350,53,8.05,8.8
2360,53,8.05,8.8
2370,53,7.9900002,8.8
2380,53,7.96,8.77
2390,53,7.96,8.77
2400,54,6.41,8.7
2410,54,6.3599997,8.76
2420,54,6.35,8.690001
2430,54,6.4,8.49
2440,54,6.4,8.49
2450,54,6.4,8.49
2460,54,6.4,8.49
2470,54,6.4,8.49
2480,54,6.4,8.49
2490,54,6.4,8.49
2500,54,6.4,8.49
2510,54,6.4,8.49
2400,55,8.05,8.8
2410,55,8.05,8.8
2420,55,8.05,8.8
2430,55,8.05,8.8
2440,55,8.05,8.8
2450,55,8.05,8.8
2460,55,8.05,8.8
2470,55,8.05,8.8
2480,55,7.9900002,8.8
2490,55,7.96,8.77
2500,55,7.96,8.77
2510,55,7.96,8.77
2520,56,6.3599997,8.76
2530,56,6.35,8.69
2540,56,6.3999996,8.49
2550,56,6.3999996,8.49
2560,56,6.3999996,8.49
2570,56,6.3999996,8.49
2580,56,6.3999996,8.49
2590,56,6.3999996,8.49
2600,56,6.3999996,8.49
2610,56,6.3999996,8.49
2620,56,6.3999996,8.49
2630,56,6.3999996,8.49
2520,57,8.05,8.8
2530,57,8.05,8.8
2540,57,8.05,8.8
2550,57,8.05,8.8
2560,57,8.05,8.8
2570,57,8.05,8.8
2580,57,8.05,8.8
2590,57,7.9900002,8.8
2600,57,7.96,8.77
2610,57,7.96,8.77
2620,57,7.96,8.77
2630,57,7.96,8.77
2640,58,2.25,5.84
2650,58,3.1399999,5.65
2660,58,4.08,5.47
2670,58,5.0,5.31
2680,58,5.9,5.29
2690,58,6.75,5.23
2700,58,7.65,5.14
2710,58,8.49,5.0299997
2720,58,9.309999,4.9700003
2730,58,10.08,5.01
2740,58,10.859999,4.96
2750,58,11.57,4.74
2640,59,2.28,6.9
2650,59,3.1599998,6.6600003
2660,59,4.1,6.4300003
2670,59,5.01,6.3100004
2680,59,5.92,6.23
2690,59,6.84,6.2200003
2700,59,7.7200003,6.19
2710,59,8.67,6.17
2720,59,9.53,6.2300005
2730,59,10.389999,6.2300005
2740,59,11.2,6.25
2750,59,12.0199995,6.0800004
2760,60,3.73,7.92
2770,60,3.3000002,7.9700003
2780,60,2.8700001,8.04
2790,60,2.42,8.16
2800,60,1.97,8.24
2810,60,1.52,8.35
2820,60,1.1500001,8.41
2830,60,0.74,8.37
2840,60,0.30999994,8.360001
2850,60,-0.13999987,8.31
2860,60,-0.5799999,8.25
2870,60,-1.0099998,8.35
2760,61,5.5099998,3.6599998
2770,61,4.64,3.51
2780,61,3.6899998,3.3799999
2790,61,2.8199997,3.19
2800,61,1.9799995,2.77
2810,61,1.1999993,2.4299998
2820,61,0.28999949,2.04
2830,61,-0.52000046,1.69
2840,61,-1.1300006,1.29
2850,61,-2.0000005,0.5899999
2860,61,-2.6400008,0.109999895
2870,61,-3.5000005,-0.44000006
2880,62,3.3,7.9700003
2890,62,2.87,8.04
2900,62,2.42,8.16
2910,62,1.97,8.24
2920,62,1.52,8.35
2930,62,1.1500001,8.41
2940,62,0.74,8.37
2950,62,0.30999994,8.36
2960,62,-0.1400001,8.31
2970,62,-0.5799999,8.25
2980,62,-1.0099998,8.35
2990,62,-1.3599997,8.51
2880,63,4.6400003,3.51
2890,63,3.6900003,3.38
2900,63,2.8200002,3.19
2910,63,1.9800003,2.77
2920,63,1.2000003,2.43
2930,63,0.29000044,2.04
2940,63,-0.5199995,1.69
2950,63,-1.1299996,1.29
2960,63,-1.9999995,0.5899999
2970,63,-2.6399994,0.109999895
2980,63,-3.499999,-0.4400003
2990,63,-4.039999,-1.0600002
2880,64,7.2,3.9600003
2890,64,6.39,3.7700002
2900,64,5.5,3.5300002
2910,64,4.6499996,3.3600001
2920,64,3.7299995,3.1200001
2930,64,2.7599993,2.9500003
2940,64,1.9199991,2.8200002
2950,64,1.0099993,2.5200002
2960,64,0.06999922,2.2000003
2970,64,-0.89000034,1.7900002
2980,64,-1.6500006,1.3500001
2990,64,-2.3300009,0.8800001
3000,65,2.87,8.04
3010,65,2.42,8.16
3020,65,1.97,8.24
3030,65,1.52,8.349999
3040,65,1.1499999,8.41
3050,65,0.7399998,8.37
3060,65,0.3099997,8.36
3070,65,-0.14000034,8.309999
3080,65,-0.5800004,8.25
3090,65,-1.0100005,8.349999
3100,65,-1.3600004,8.51
3110,65,-1.5000002,8.5
3000,66,3.6899998,3.38
3010,66,2.82,3.19
3020,66,1.98,2.77
3030,66,1.2,2.4299998
3040,66,0.28999996,2.04
3050,66,-0.52,1.6899999
3060,66,-1.1300001,1.29
3070,66,-2.0,0.5899999
3080,66,-2.6399999,0.109999895
3090,66,-3.4999995,-0.44000006
3100,66,-4.0399995,-1.0600002
3110,66,-4.6,-1.8100002
3000,67,6.39,3.77
3010,67,5.5,3.53
3020,67,4.6499996,3.3600001
3030,67,3.7299995,3.12
3040,67,2.7599993,2.95
3050,67,1.9199991,2.8200002
3060,67,1.0099993,2.52
3070,67,0.06999922,2.2
3080,67,-0.89000034,1.79
3090,67,-1.6500006,1.3499999
3100,67,-2.3300009,0.8799999
3110,67,-2.920001,0.3499999
3000,68,6.35,4.5800004
3010,68,5.42,4.3500004
3020,68,4.42,4.2000003
3030,68,3.4999998,4.0
3040,68,2.6,3.8500001
3050,68,1.6799998,3.6800003
3060,68,0.77999973,3.4700003
3070,68,-0.11000013,3.23
3080,68,-0.9300003,2.8700001
3090,68,-1.75,2.3200002
3100,68,-3.0900002,1.5200002
3110,68,-3.83,0.9100003
3120,69,2.4199998,8.16
3130,69,1.9699999,8.24
3140,69,1.52,8.35
3150,69,1.15,8.41
3160,69,0.74,8.37
3170,69,0.30999994,8.36
3180,69,-0.1400001,8.31
3190,69,-0.58000016,8.25
3200,69,-1.0100002,8.35
3210,69,-1.3600001,8.51
3220,69,-1.5,8.5
3230,69,-2.08,8.54
3120,70,5.5,3.53
3130,70,4.6499996,3.36
3140,70,3.7299998,3.12
3150,70,2.7599998,2.95
3160,70,1.9199996,2.82
3170,70,1.0099998,2.52
3180,70,0.069999695,2.2
3190,70,-0.89000034,1.7900001
3200,70,-1.6500001,1.3500001
3210,70,-2.3300004,0.8800001
3220,70,-2.9200006,0.35000014
3230,70,-3.5900006,-0.23999977
3120,71,5.42,4.35
3130,71,4.42,4.2
3140,71,3.4999998,4.0
3150,71,2.6,3.85
3160,71,1.6799998,3.6799998
3170,71,0.77999973,3.4699998
3180,71,-0.11000013,3.23
3190,71,-0.9300003,2.87
3200,71,-1.7500005,2.32
3210,71,-3.0900006,1.52
3220,71,-3.8300004,0.90999985
3230,71,-4.4700007,0.27999973
3240,72,-4.78,7.79
3250,72,-4.83,7.83
3260,72,-4.92,7.8900003
3270,72,-5.03,7.8900003
3280,72,-5.23,7.82
3290,72,-5.42,7.8500004
3300,72,-5.67,7.9900002
3310,72,-5.86,8.05
3320,72,-6.0600004,8.09
3330,72,-6.2200003,8.28
3340,72,-6.25,8.45
3350,72,-6.1800003,8.650001
3240,73,4.11,5.16
3250,73,5.03,5.0899997
3260,73,6.0200005,5.04
3270,73,7.01,5.0299997
3280,73,8.05,4.96
3290,73,8.94,4.89
3300,73,9.88,4.8399997
3310,73,10.74,4.75
3320,73,11.7,4.6
3330,73,12.5199995,4.2999997
3340,73,13.009999,4.2599998
3350,73,13.049999,4.3999996
3240,74,3.8899999,4.27
3250,74,4.7,4.1099997
3260,74,5.54,4.1499996
3270,74,6.3599997,4.2
3280,74,7.17,4.25
3290,74,8.09,4.24
3300,74,8.97,4.1
3310,74,9.76,4.21
3320,74,10.5,4.2
3330,74,11.12,4.0499997
3340,74,11.67,3.9999998
3350,74,12.02,3.7999997
3360,75,-4.8300004,7.83
3370,75,-4.92,7.89
3380,75,-5.03,7.89
3390,75,-5.23,7.82
3400,75,-5.42,7.85
3410,75,-5.67,7.99
3420,75,-5.86,8.05
3430,75,-6.0600004,8.09
3440,75,-6.2200003,8.28
3450,75,-6.25,8.45
3460,75,-6.1800003,8.65
3470,75,-5.02,9.02
3360,76,5.03,5.0899997
3370,76,6.0200005,5.04
3380,76,7.01,5.0299997
3390,76,8.05,4.96
3400,76,8.940001,4.89
3410,76,9.88,4.8399997
3420,76,10.74,4.75
3430,76,11.700001,4.6
3440,76,12.52,4.2999997
3450,76,13.01,4.2599998
3460,76,13.049999,4.3999996
3470,76,13.049999,4.3999996
3360,77,4.7000003,4.11
3370,77,5.54,4.15
3380,77,6.36,4.2
3390,77,7.17,4.25
3400,77,8.09,4.24
3410,77,8.97,4.1
3420,77,9.76,4.21
3430,77,10.5,4.2
3440,77,11.12,4.05
3450,77,11.67,4.0
3460,77,12.02,3.8
3470,77,12.200001,3.83
3480,78,-4.92,7.89
3490,78,-5.0299997,7.89
3500,78,-5.23,7.8199997
3510,78,-5.42,7.85
3520,78,-5.67,7.99
3530,78,-5.8599997,8.05
3540,78,-6.06,8.09
3550,78,-6.22,8.28
3560,78,-6.25,8.45
3570,78,-6.18,8.65
3580,78,-5.02,9.02
3590,78,-3.86,9.6
3480,79,6.0200005,5.04
3490,79,7.01,5.03
3500,79,8.05,4.96
3510,79,8.940001,4.8900003
3520,79,9.88,4.84
3530,79,10.74,4.75
3540,79,11.700001,4.6000004
3550,79,12.52,4.3
3560,79,13.01,4.26
3570,79,13.050001,4.4
3580,79,13.050001,4.4
3590,79,12.68,4.6000004
3480,80,5.54,4.15
3490,80,6.3599997,4.2000003
3500,80,7.17,4.25
3510,80,8.09,4.2400002
3520,80,8.969999,4.1
3530,80,9.76,4.21
3540,80,10.5,4.2000003
3550,80,11.12,4.05
3560,80,11.67,4.0
3570,80,12.02,3.8000002
3580,80,12.2,3.8300002
3590,80,12.29,3.7600002
3600,81,-5.03,7.89
3610,81,-5.23,7.8199997
3620,81,-5.42,7.85
3630,81,-5.67,7.99
3640,81,-5.86,8.05
3650,81,-6.06,8.09
3660,81,-6.2200003,8.28
3670,81,-6.25,8.45
3680,81,-6.18,8.65
3690,81,-5.02,9.0199995
3700,81,-3.8600001,9.6
3710,81,-2.62,9.95
3600,82,7.01,5.0299997
3610,82,8.05,4.96
3620,82,8.940001,4.89
3630,82,9.88,4.84
3640,82,10.74,4.75
3650,82,11.700001,4.6
3660,82,12.52,4.3
3670,82,13.01,4.2599998
3680,82,13.050001,4.4
3690,82,13.050001,4.4
3700,82,12.68,4.6
3710,82,12.610001,4.7
3600,83,6.36,4.2000003
3610,83,7.17,4.25
3620,83,8.09,4.2400002
3630,83,8.969999,4.1
3640,83,9.76,4.21
3650,83,10.5,4.2000003
3660,83,11.12,4.05
3670,83,11.67,4.0
3680,83,12.02,3.8000002
3690,83,12.2,3.8300002
3700,83,12.29,3.76
3710,83,12.26,3.8200002
3720,84,8.05,4.96
3730,84,8.940001,4.8900003
3740,84,9.88,4.84
3750,84,10.74,4.75
3760,84,11.700001,4.6000004
3770,84,12.52,4.3
3780,84,13.01,4.26
3790,84,13.05,4.4
3800,84,13.05,4.4
3810,84,12.68,4.6000004
3820,84,12.610001,4.7000003
3830,84,12.620001,4.76
3720,85,7.17,4.25
3730,85,8.09,4.24
3740,85,8.97,4.1
3750,85,9.76,4.21
3760,85,10.5,4.2
3770,85,11.120001,4.0499997
3780,85,11.67,3.9999998
3790,85,12.02,3.7999997
3800,85,12.200001,3.83
3810,85,12.290001,3.7599998
3820,85,12.26,3.8199997
3830,85,12.25,3.84
3840,86,8.940001,4.89
3850,86,9.88,4.84
3860,86,10.74,4.75
3870,86,11.700001,4.6
3880,86,12.52,4.3
3890,86,13.01,4.26
3900,86,13.05,4.4
3910,86,13.05,4.4
3920,86,12.68,4.6
3930,86,12.610001,4.7
3940,86,12.620001,4.7599998
3950,86,12.650001,4.7599998
3840,87,8.09,4.24
3850,87,8.97,4.1
3860,87,9.76,4.21
3870,87,10.5,4.2
3880,87,11.12,4.05
3890,87,11.67,4.0
3900,87,12.02,3.8
3910,87,12.2,3.83
3920,87,12.29,3.76
3930,87,12.26,3.82
3940,87,12.25,3.84
3950,87,12.25,3.84
3960,88,9.879999,4.8399997
3970,88,10.74,4.75
3980,88,11.7,4.6
3990,88,12.5199995,4.2999997
4000,88,13.009999,4.2599998
4010,88,13.049999,4.3999996
4020,88,13.049999,4.3999996
4030,88,12.679999,4.6
4040,88,12.61,4.7
4050,88,12.619999,4.7599998
4060,88,12.65,4.7599998
4070,88,12.65,4.7599998
3960,89,8.97,4.1
3970,89,9.76,4.2099996
3980,89,10.5,4.2
3990,89,11.120001,4.0499997
4000,89,11.67,3.9999998
4010,89,12.02,3.7999997
4020,89,12.200001,3.8299997
4030,89,12.290001,3.7599998
4040,89,12.26,3.8199997
4050,89,12.25,3.8399997
4060,89,12.25,3.8399997
4070,89,12.25,3.8399997
4080,90,10.74,4.75
4090,90,11.7,4.6000004
4100,90,12.52,4.3
4110,90,13.01,4.26
4120,90,13.05,4.4
4130,90,13.05,4.4
4140,90,12.68,4.6
4150,90,12.61,4.7000003
4160,90,12.62,4.76
4170,90,12.65,4.76
4180,90,12.65,4.76
4190,90,12.65,4.76
4080,91,9.76,4.21
4090,91,10.5,4.2
4100,91,11.120001,4.0499997
4110,91,11.67,4.0
4120,91,12.02,3.8
4130,91,12.200001,3.83
4140,91,12.29,3.76
4150,91,12.26,3.82
4160,91,12.25,3.84
4170,91,12.25,3.84
4180,91,12.25,3.84
4190,91,12.25,3.84
4200,92,11.7,4.6
4210,92,12.5199995,4.3
4220,92,13.01,4.26
4230,92,13.049999,4.4
4240,92,13.049999,4.4
4250,92,12.679999,4.6
4260,92,12.61,4.7
4270,92,12.62,4.7599998
4280,92,12.65,4.7599998
4290,92,12.65,4.7599998
4300,92,12.65,4.7599998
4310,92,12.679999,4.7599998
4200,93,10.5,4.2
4210,93,11.12,4.05
4220,93,11.67,4.0
4230,93,12.02,3.8
4240,93,12.200001,3.83
4250,93,12.29,3.76
4260,93,12.26,3.82
4270,93,12.25,3.8400002
4280,93,12.25,3.8400002
4290,93,12.25,3.8400002
4300,93,12.25,3.8400002
4310,93,12.25,3.8400002
4320,94,12.5199995,4.2999997
4330,94,13.01,4.2599998
4340,94,13.049999,4.4
4350,94,13.049999,4.4
4360,94,12.679999,4.6
4370,94,12.61,4.7
4380,94,12.62,4.7599998
4390,94,12.65,4.7599998
4400,94,12.65,4.7599998
4410,94,12.65,4.7599998
4420,94,12.679999,4.7599998
4430,94,12.62,4.88
4320,95,11.12,4.0499997
4330,95,11.67,3.9999998
4340,95,12.02,3.7999997
4350,95,12.2,3.83
4360,95,12.29,3.7599998
4370,95,12.26,3.8199997
4380,95,12.25,3.84
4390,95,12.25,3.84
4400,95,12.25,3.84
4410,95,12.25,3.84
4420,95,12.25,3.84
4430,95,12.25,3.9299998
4440,96,13.01,4.26
4450,96,13.05,4.4
4460,96,13.05,4.4
4470,96,12.68,4.6000004
4480,96,12.610001,4.7000003
4490,96,12.620001,4.76
4500,96,12.650001,4.76
4510,96,12.650001,4.76
4520,96,12.650001,4.76
4530,96,12.68,4.76
4540,96,12.620001,4.88
4550,96,13.18,5.2400002
4440,97,11.67,4.0
4450,97,12.0199995,3.8000002
4460,97,12.2,3.8300002
4470,97,12.29,3.7600002
4480,97,12.26,3.8200002
4490,97,12.25,3.8400002
4500,97,12.25,3.8400002
4510,97,12.25,3.8400002
4520,97,12.25,3.8400002
4530,97,12.25,3.8400002
4540,97,12.25,3.9300003
4550,97,12.58,4.26
4560,98,13.05,4.4
4570,98,13.05,4.4
4580,98,12.68,4.6000004
4590,98,12.610001,4.7000003
4600,98,12.62,4.76
4610,98,12.650001,4.76
4620,98,12.650001,4.76
4630,98,12.650001,4.76
4640,98,12.68,4.76
4650,98,12.62,4.88
4660,98,13.18,5.2400002
4670,98,13.18,5.2400002
4560,99,12.02,3.8
4570,99,12.2,3.83
4580,99,12.29,3.76
4590,99,12.26,3.82
4600,99,12.25,3.84
4610,99,12.25,3.84
4620,99,12.25,3.84
4630,99,12.25,3.84
4640,99,12.25,3.84
4650,99,12.25,3.93
4660,99,12.58,4.26
4670,99,13.530001,5.0
4680,100,4.8700004,6.44
4690,100,5.7000003,6.4
4700,100,6.5600004,6.34
4710,100,7.4000006,6.31
4720,100,8.18,6.2999997
4730,100,8.790001,6.2
4740,100,9.400001,6.11
4750,100,9.77,5.93
4760,100,10.150001,5.81
4770,100,10.530001,5.52
4780,100,10.950001,5.31
4790,100,11.390001,5.02
4680,101,5.44,5.48
4690,101,6.1899996,5.49
4700,101,6.97,5.4599996
4710,101,7.74,5.47
4720,101,8.51,5.47
4730,101,9.12,5.37
4740,101,9.74,5.31
4750,101,10.469999,5.3399997
4760,101,11.28,5.18
4770,101,12.01,5.0899997
4780,101,12.74,5.3199997
4790,101,13.429999,5.3999996
4800,102,12.53,3.6
4810,102,12.5,3.6
4820,102,12.54,3.56
4830,102,12.67,3.61
4840,102,12.610001,3.6699998
4850,102,12.6,3.6699998
4860,102,12.54,3.76
4870,102,12.4800005,3.79
4880,102,12.43,3.73
4890,102,12.39,3.6799998
4900,102,12.42,3.6399999
4910,102,12.43,3.6
4800,103,5.37,6.1499996
4810,103,4.44,6.0099998
4820,103,3.84,5.72
4830,103,2.8,5.7
4840,103,1.8499999,5.5099998
4850,103,1.0699997,5.4399996
4860,103,0.059999466,5.22
4870,103,-1.0100007,4.99
4880,103,-1.7600007,4.9199996
4890,103,-2.960001,4.66
4900,103,-3.9300013,4.45
4910,103,-4.9500017,4.3599997
4800,104,5.2799997,7.78
4810,104,6.1499996,7.92
4820,104,7.5099998,7.8900003
4830,104,8.15,7.88
4840,104,8.869999,7.8900003
4850,104,9.799999,7.7000003
4860,104,10.699999,7.59
4870,104,11.4,7.6
4880,104,12.009999,7.36
4890,104,12.469999,7.05
4900,104,13.289999,7.02
4910,104,13.769999,6.59
4800,105,5.19,6.9900002
4810,105,6.09,7.08
4820,105,6.99,7.02
4830,105,7.87,7.03
4840,105,8.42,7.0
4850,105,9.45,7.11
4860,105,10.03,6.9700003
4870,105,10.66,7.0
4880,105,11.24,6.9500003
4890,105,11.54,6.75
4900,105,12.04,6.6600003
4910,105,12.4,6.56
4920,106,12.5,3.6
4930,106,12.54,3.56
4940,106,12.67,3.61
4950,106,12.61,3.6699998
4960,106,12.599999,3.6699998
4970,106,12.54,3.76
4980,106,12.48,3.79
4990,106,12.429999,3.73
5000,106,12.389999,3.6799998
5010,106,12.42,3.6399999
5020,106,12.429999,3.6
5030,106,12.49,3.6399999
4920,107,4.44,6.01
4930,107,3.84,5.7200003
4940,107,2.8,5.7000003
4950,107,1.8499999,5.51
4960,107,1.0699997,5.44
4970,107,0.059999466,5.2200003
4980,107,-1.0100007,4.9900002
4990,107,-1.7600007,4.92
5000,107,-2.960001,4.66
5010,107,-3.9300013,4.45
5020,107,-4.9500017,4.36
5030,107,-5.9400015,4.33
4920,108,6.09,7.08
4930,108,6.99,7.02
4940,108,7.87,7.0299997
4950,108,8.42,7.0
4960,108,9.45,7.1099997
4970,108,10.03,6.97
4980,108,10.66,7.0
4990,108,11.24,6.95
5000,108,11.54,6.75
5010,108,12.04,6.66
5020,108,12.4,6.56
5030,108,12.92,6.45
4920,109,4.3399997,5.3
4930,109,3.4899998,5.13
4940,109,2.5799997,4.96
4950,109,1.7399998,4.76
4960,109,0.88999987,4.4
4970,109,-0.01999998,4.16
4980,109,-0.9699998,3.95
4990,109,-1.6599998,3.83
5000,109,-3.04,3.54
5010,109,-3.9499998,3.3899999
5020,109,-4.92,3.4499998
5030,109,-5.91,3.5499997
5040,110,12.54,3.56
5050,110,12.67,3.61
5060,110,12.61,3.6699998
5070,110,12.6,3.6699998
5080,110,12.54,3.76
5090,110,12.48,3.79
5100,110,12.43,3.73
5110,110,12.39,3.6799998
5120,110,12.42,3.6399999
5130,110,12.43,3.6
5140,110,12.49,3.6399999
5150,110,12.71,3.6999998
5040,111,3.8400002,5.7200003
5050,111,2.8000002,5.7000003
5060,111,1.8500001,5.51
5070,111,1.0700002,5.44
5080,111,0.059999943,5.2200003
5090,111,-1.0100002,4.9900002
5100,111,-1.7600002,4.92
5110,111,-2.9600005,4.6600003
5120,111,-3.9300008,4.4500003
5130,111,-4.9500012,4.36
5140,111,-5.940001,4.33
5150,111,-6.850001,4.3500004
5040,112,6.9900002,7.02
5050,112,7.87,7.0299997
5060,112,8.42,7.0
5070,112,9.45,7.11
5080,112,10.03,6.97
5090,112,10.66,7.0
5100,112,11.24,6.95
5110,112,11.54,6.75
5120,112,12.04,6.66
5130,112,12.4,6.56
5140,112,12.92,6.45
5150,112,13.89,6.52
5040,113,3.4900002,5.13
5050,113,2.5800002,4.96
5060,113,1.7400002,4.76
5070,113,0.89000034,4.4
5080,113,-0.019999504,4.1600003
5090,113,-0.9699993,3.9500003
5100,113,-1.6599994,3.8300002
5110,113,-3.0399995,3.5400002
5120,113,-3.9499998,3.3900003
5130,113,-4.92,3.4500003
5140,113,-5.91,3.5500002
5150,113,-6.8599997,3.6000001
5160,114,12.67,3.61
5170,114,12.61,3.6699998
5180,114,12.6,3.6699998
5190,114,12.54,3.76
5200,114,12.48,3.79
5210,114,12.43,3.73
5220,114,12.39,3.6799998
5230,114,12.42,3.6399999
5240,114,12.43,3.6
5250,114,12.49,3.6399999
5260,114,12.71,3.7
5270,114,12.79,3.86
5160,115,2.8,5.7
5170,115,1.8499999,5.5099998
5180,115,1.0699999,5.4399996
5190,115,0.059999943,5.22
5200,115,-1.01,4.99
5210,115,-1.76,4.9199996
5220,115,-2.9600003,4.66
5230,115,-3.9300005,4.45
5240,115,-4.950001,4.3599997
5250,115,-5.9400005,4.33
5260,115,-6.8500004,4.35
5270,115,-7.58,4.4399996
5160,116,2.58,4.96
5170,116,1.74,4.76
5180,116,0.8900001,4.4
5190,116,-0.01999998,4.16
5200,116,-0.97,3.95
5210,116,-1.6600001,3.83
5220,116,-3.0400002,3.54
5230,116,-3.95,3.39
5240,116,-4.92,3.45
5250,116,-5.91,3.5500002
5260,116,-6.8599997,3.6
5270,116,-7.6899996,3.69
5160,117,4.75,5.96
5170,117,3.8500004,5.75
5180,117,3.0800004,5.8
5190,117,2.1500003,5.61
5200,117,1.0700002,5.24
5210,117,0.16000032,4.9300003
5220,117,-0.7899995,4.82
5230,117,-1.4299994,4.65
5240,117,-2.829999,4.38
5250,117,-3.8399992,4.3900003
5260,117,-4.789999,4.4900002
5270,117,-5.7599993,4.6000004
5280,118,5.28,6.8700004
5290,118,6.13,6.8900003
5300,118,7.08,6.94
5310,118,8.0,6.96
5320,118,8.88,7.0
5330,118,9.65,6.8900003
5340,118,10.440001,6.9
5350,118,10.99,6.9100003
5360,118,11.63,6.7400002
5370,118,12.08,6.5800004
5380,118,12.35,6.53
5390,118,12.41,6.46
5280,119,5.4300003,7.58
5290,119,6.26,7.64
5300,119,7.21,7.67
5310,119,8.110001,7.48
5320,119,9.0,7.54
5330,119,9.85,7.64
5340,119,10.65,7.69
5350,119,11.280001,7.62
5360,119,11.76,7.52
5370,119,12.35,7.2999997
5380,119,12.700001,7.19
5390,119,12.660001,7.0099998
5280,120,5.81,2.62
5290,120,6.4399996,2.8
5300,120,7.33,3.04
5310,120,8.05,3.1599998
5320,120,8.969999,3.33
5330,120,9.66,3.3799999
5340,120,10.46,3.73
5350,120,11.08,4.0099998
5360,120,11.57,4.16
5370,120,11.96,4.27
5380,120,12.18,4.41
5390,120,12.59,4.5299997
5280,121,5.3999996,4.14
5290,121,6.25,4.27
5300,121,7.21,4.39
5310,121,8.139999,4.51
5320,121,9.01,4.57
5330,121,9.789999,4.61
5340,121,10.539999,4.67
5350,121,11.15,4.86
5360,121,11.629999,4.91
5370,121,11.99,5.02
5380,121,12.129999,5.0
5390,121,12.289999,5.12
5280,122,5.4700003,4.76
5290,122,6.29,4.86
5300,122,7.2400002,5.01
5310,122,8.200001,5.1400003
5320,122,9.08,5.09
5330,122,9.960001,5.09
5340,122,10.72,5.11
5350,122,11.32,5.29
5360,122,11.8,5.3
5370,122,12.190001,5.4
5380,122,12.46,5.57
5390,122,12.93,5.83
5400,123,6.13,6.89
5410,123,7.08,6.94
5420,123,8.0,6.96
5430,123,8.88,7.0
5440,123,9.65,6.89
5450,123,10.440001,6.9
5460,123,10.99,6.91
5470,123,11.63,6.74
5480,123,12.08,6.58
5490,123,12.35,6.5299997
5500,123,12.41,6.46
5510,123,12.309999,6.3399997
5400,124,6.2599998,7.64
5410,124,7.21,7.67
5420,124,8.11,7.48
5430,124,9.0,7.54
5440,124,9.849999,7.64
5450,124,10.65,7.69
5460,124,11.28,7.62
5470,124,11.76,7.52
5480,124,12.35,7.2999997
5490,124,12.7,7.19
5500,124,12.66,7.0099998
5510,124,12.629999,6.88
5400,125,6.44,2.8
5410,125,7.33,3.04
5420,125,8.05,3.1599998
5430,125,8.97,3.33
5440,125,9.66,3.3799999
5450,125,10.46,3.73
5460,125,11.08,4.0099998
5470,125,11.57,4.16
5480,125,11.96,4.27
5490,125,12.18,4.41
5500,125,12.59,4.5299997
5510,125,12.95,4.7699995
5400,126,6.25,4.27
5410,126,7.21,4.39
5420,126,8.14,4.5099998
5430,126,9.01,4.5699997
5440,126,9.790001,4.6099997
5450,126,10.540001,4.67
5460,126,11.150001,4.8599997
5470,126,11.630001,4.91
5480,126,11.990001,5.02
5490,126,12.130001,5.0
5500,126,12.290001,5.12
5510,126,12.58,5.2799997
5400,127,6.29,4.86
5410,127,7.24,5.01
5420,127,8.2,5.1400003
5430,127,9.08,5.09
5440,127,9.96,5.09
5450,127,10.719999,5.11
5460,127,11.32,5.29
5470,127,11.799999,5.3
5480,127,12.19,5.4
5490,127,12.459999,5.57
5500,127,12.929999,5.83
5510,127,13.41,6.07
5520,128,7.08,6.94
5530,128,8.0,6.96
5540,128,8.88,7.0
5550,128,9.65,6.89
5560,128,10.440001,6.9
5570,128,10.99,6.91
5580,128,11.63,6.74
5590,128,12.08,6.58
5600,128,12.35,6.5299997
5610,128,12.41,6.46
5620,128,12.309999,6.3399997
5630,128,12.46,6.12
5520,129,7.21,7.67
5530,129,8.110001,7.48
5540,129,9.0,7.54
5550,129,9.85,7.64
5560,129,10.65,7.69
5570,129,11.280001,7.62
5580,129,11.76,7.52
5590,129,12.35,7.2999997
5600,129,12.700001,7.19
5610,129,12.66,7.0099998
5620,129,12.63,6.88
5630,129,12.77,6.7799997
5520,130,7.21,4.39
5530,130,8.14,4.5099998
5540,130,9.01,4.57
5550,130,9.79,4.61
5560,130,10.54,4.67
5570,130,11.15,4.86
5580,130,11.63,4.91
5590,130,11.99,5.02
5600,130,12.13,5.0
5610,130,12.29,5.12
5620,130,12.58,5.2799997
5630,130,12.83,5.54
5640,131,8.0,6.96
5650,131,8.88,7.0
5660,131,9.65,6.89
5670,131,10.44,6.9
5680,131,10.99,6.91
5690,131,11.629999,6.7400002
5700,131,12.08,6.58
5710,131,12.349999,6.53
5720,131,12.41,6.46
5730,131,12.309999,6.34
5740,131,12.459999,6.12
5750,131,12.619999,6.08
5640,132,8.11,7.48
5650,132,9.0,7.54
5660,132,9.85,7.64
5670,132,10.65,7.69
5680,132,11.28,7.62
5690,132,11.76,7.52
5700,132,12.35,7.3
5710,132,12.7,7.19
5720,132,12.66,7.01
5730,132,12.629999,6.88
5740,132,12.7699995,6.78
5750,132,12.83,6.65
5640,133,8.14,4.5099998
5650,133,9.01,4.5699997
5660,133,9.79,4.6099997
5670,133,10.54,4.67
5680,133,11.15,4.8599997
5690,133,11.63,4.91
5700,133,11.99,5.02
5710,133,12.13,5.0
5720,133,12.29,5.12
5730,133,12.58,5.2799997
5740,133,12.83,5.54
5750,133,12.9,5.6
5760,134,8.88,7.0
5770,134,9.65,6.89
5780,134,10.440001,6.9
5790,134,10.99,6.91
5800,134,11.63,6.7400002
5810,134,12.08,6.58
5820,134,12.35,6.53
5830,134,12.41,6.46
5840,134,12.309999,6.34
5850,134,12.46,6.12
5860,134,12.62,6.08
5870,134,12.62,5.96
5760,135,9.0,7.54
5770,135,9.849999,7.64
5780,135,10.65,7.69
5790,135,11.28,7.62
5800,135,11.76,7.52
5810,135,12.35,7.3
5820,135,12.7,7.19
5830,135,12.66,7.01
5840,135,12.629999,6.88
5850,135,12.7699995,6.7799997
5860,135,12.83,6.65
5870,135,12.82,6.46
5760,136,9.01,4.57
5770,136,9.79,4.61
5780,136,10.540001,4.67
5790,136,11.150001,4.86
5800,136,11.630001,4.9100003
5810,136,11.990001,5.0200005
5820,136,12.130001,5.0
5830,136,12.290001,5.1200004
5840,136,12.580001,5.28
5850,136,12.830001,5.54
5860,136,12.900002,5.6000004
5870,136,12.900002,5.6000004
5880,137,3.61,4.08
5890,137,4.62,4.44
5900,137,5.55,4.7
5910,137,6.49,4.88
5920,137,7.4,5.01
5930,137,8.32,4.92
5940,137,9.26,4.99
5950,137,10.120001,5.15
5960,137,11.0,5.36
5970,137,11.81,5.55
5980,137,12.64,5.6099997
5990,137,13.39,5.69
5880,138,2.69,3.53
5890,138,3.54,3.85
5900,138,4.41,4.13
5910,138,5.31,4.4
5920,138,6.2599998,4.56
5930,138,7.22,4.63
5940,138,8.01,4.71
5950,138,8.82,4.55
5960,138,9.709999,4.6800003
5970,138,10.49,4.96
5980,138,11.34,5.08
5990,138,12.08,5.33
5880,139,3.18,3.17
5890,139,4.04,3.44
5900,139,4.8900003,3.69
5910,139,5.7799997,3.96
5920,139,6.76,4.08
5930,139,7.76,4.15
5940,139,8.61,4.16
5950,139,9.5,4.1800003
5960,139,10.38,4.34
5970,139,11.21,4.74
5980,139,12.09,4.9
5990,139,12.91,5.06
6000,140,3.54,3.85
6010,140,4.41,4.13
6020,140,5.31,4.4
6030,140,6.26,4.56
6040,140,7.22,4.63
6050,140,8.01,4.71
6060,140,8.82,4.55
6070,140,9.709999,4.6800003
6080,140,10.49,4.96
6090,140,11.34,5.08
6100,140,12.08,5.33
6110,140,12.76,5.36
6000,141,4.04,3.44
6010,141,4.8900003,3.69
6020,141,5.7799997,3.96
6030,141,6.76,4.08
6040,141,7.76,4.15
6050,141,8.61,4.16
6060,141,9.5,4.1800003
6070,141,10.38,4.34
6080,141,11.21,4.74
6090,141,12.09,4.9
6100,141,12.91,5.06
6110,141,13.889999,5.3999996
6120,142,3.64,5.81
6130,142,4.59,5.8199997
6140,142,5.52,5.83
6150,142,6.35,5.8999996
6160,142,7.1499996,5.91
6170,142,7.9799995,5.94
6180,142,9.0,5.99
6190,142,9.65,5.87
6200,142,10.5199995,5.8799996
6210,142,11.4,5.93
6220,142,12.25,6.0699997
6230,142,13.32,6.12
6120,143,3.0,3.8100002
6130,143,4.06,4.17
6140,143,5.1,4.4900002
6150,143,6.13,4.67
6160,143,7.13,4.83
6170,143,8.059999,4.98
6180,143,8.9,4.98
6190,143,9.63,4.87
6200,143,10.299999,4.84
6210,143,11.03,4.88
6220,143,11.759999,5.1
6230,143,12.65,5.34
6240,144,-2.4299998,6.8599997
6250,144,-2.24,6.9599996
6260,144,-1.8499999,6.97
6270,144,-1.4399999,6.9199996
6280,144,-0.89999986,6.89
6290,144,-0.52,6.83
6300,144,-0.07999992,6.77
6310,144,0.3900001,6.7099996
6320,144,0.84000015,6.6899996
6330,144,1.3300004,6.6
6340,144,1.7900004,6.6099997
6350,144,2.2500005,6.52
6240,145,-2.6100001,7.5600004
6250,145,-2.24,7.6200004
6260,145,-1.84,7.67
6270,145,-1.3,7.52
6280,145,-0.89999986,7.53
6290,145,-0.48999977,7.4700003
6300,145,-0.029999733,7.4
6310,145,0.4400003,7.34
6320,145,0.87000036,7.36
6330,145,1.3300004,7.27
6340,145,1.7900004,7.27
6350,145,2.2800002,7.21
6240,146,1.5799999,8.5
6250,146,2.45,8.11
6260,146,3.38,7.77
6270,146,4.5600004,7.3199997
6280,146,5.71,6.8599997
6290,146,6.6400003,6.56
6300,146,7.37,6.33
6310,146,8.34,5.8999996
6320,146,9.37,5.77
6330,146,10.389999,5.67
6340,146,11.58,5.61
6350,146,12.5199995,5.73
6360,147,-2.24,6.96
6370,147,-1.8500001,6.9700003
6380,147,-1.44,6.92
6390,147,-0.9000001,6.8900003
6400,147,-0.5200001,6.83
6410,147,-0.08000016,6.77
6420,147,0.38999987,6.71
6430,147,0.8399999,6.69
6440,147,1.3299999,6.6000004
6450,147,1.7899997,6.61
6460,147,2.2499998,6.52
6470,147,2.7199996,6.51
6360,148,-2.2399998,7.62
6370,148,-1.8399999,7.67
6380,148,-1.3,7.52
6390,148,-0.9,7.5299997
6400,148,-0.49,7.47
6410,148,-0.029999971,7.4
6420,148,0.44000006,7.34
6430,148,0.8700001,7.36
6440,148,1.3300002,7.27
6450,148,1.7900002,7.27
6460,148,2.2800004,7.21
6470,148,2.8100002,7.21
6360,149,2.45,8.11
6370,149,3.38,7.77
6380,149,4.56,7.3199997
6390,149,5.71,6.8599997
6400,149,6.64,6.56
6410,149,7.37,6.33
6420,149,8.34,5.8999996
6430,149,9.37,5.77
6440,149,10.389999,5.67
6450,149,11.58,5.61
6460,149,12.5199995,5.73
6470,149,13.759999,5.26
6480,150,-1.85,6.9700003
6490,150,-1.44,6.92
6500,150,-0.9000001,6.89
6510,150,-0.5200001,6.83
6520,150,-0.08000016,6.77
6530,150,0.38999987,6.71
6540,150,0.8399999,6.69
6550,150,1.3299999,6.6
6560,150,1.7899997,6.61
6570,150,2.2499998,6.52
6580,150,2.7199996,6.51
6590,150,3.1899993,6.42
6480,151,-1.84,7.67
6490,151,-1.3,7.52
6500,151,-0.9,7.5299997
6510,151,-0.49,7.47
6520,151,-0.029999971,7.4
6530,151,0.44000006,7.3399997
6540,151,0.8700001,7.3599997
6550,151,1.3300002,7.27
6560,151,1.7900002,7.27
6570,151,2.2800004,7.21
6580,151,2.8100002,7.21
6590,151,3.24,7.1099997
6600,152,-1.44,6.9199996
6610,152,-0.9,6.89
6620,152,-0.52,6.83
6630,152,-0.08000004,6.77
6640,152,0.39,6.71
6650,152,0.84000003,6.6899996
6660,152,1.33,6.6
6670,152,1.7900001,6.6099997
6680,152,2.25,6.52
6690,152,2.7199998,6.5099998
6700,152,3.1899996,6.4199996
6710,152,3.6799998,6.54
6600,153,-1.3,7.52
6610,153,-0.9,7.53
6620,153,-0.49,7.4700003
6630,153,-0.029999971,7.4
6640,153,0.43999994,7.34
6650,153,0.87,7.36
6660,153,1.33,7.27
6670,153,1.7900001,7.27
6680,153,2.2799997,7.21
6690,153,2.8099995,7.21
6700,153,3.2399993,7.11
6710,153,3.7199993,7.14
6720,154,-0.90000004,6.89
6730,154,-0.52000004,6.83
6740,154,-0.08000004,6.77
6750,154,0.39,6.71
6760,154,0.8399999,6.69
6770,154,1.3299999,6.6
6780,154,1.79,6.61
6790,154,2.25,6.52
6800,154,2.7199998,6.51
6810,154,3.1899996,6.42
6820,154,3.6799998,6.54
6830,154,4.14,6.55
6720,155,-0.9,7.53
6730,155,-0.48999995,7.47
6740,155,-0.029999971,7.4
6750,155,0.44000006,7.34
6760,155,0.8700001,7.36
6770,155,1.3300002,7.27
6780,155,1.7900002,7.27
6790,155,2.2800002,7.21
6800,155,2.8100002,7.21
6810,155,3.24,7.11
6820,155,3.72,7.14
6830,155,4.1400003,7.14
6840,156,-0.52,6.83
6850,156,-0.07999998,6.77
6860,156,0.39,6.71
6870,156,0.84000003,6.69
6880,156,1.33,6.6
6890,156,1.7900001,6.6099997
6900,156,2.25,6.52
6910,156,2.7200003,6.5099998
6920,156,3.19,6.42
6930,156,3.6799998,6.54
6940,156,4.14,6.5499997
6950,156,4.5699997,6.56
6840,157,-0.48999998,7.4700003
6850,157,-0.029999971,7.4
6860,157,0.44000006,7.34
6870,157,0.87,7.36
6880,157,1.33,7.2700005
6890,157,1.7900001,7.2700005
6900,157,2.2800002,7.21
6910,157,2.81,7.21
6920,157,3.2399998,7.11
6930,157,3.7199998,7.1400003
6940,157,4.14,7.1400003
6950,157,4.6099997,7.15
6960,158,-0.07999998,6.77
6970,158,0.39,6.71
6980,158,0.8399999,6.69
6990,158,1.3299999,6.6
7000,158,1.79,6.61
7010,158,2.25,6.52
7020,158,2.72,6.5099998
7030,158,3.19,6.42
7040,158,3.6799998,6.54
7050,158,4.14,6.5499997
7060,158,4.5699997,6.56
7070,158,5.0499997,6.5
6960,159,-0.030000001,7.3999996
6970,159,0.44,7.3399997
6980,159,0.87,7.3599997
6990,159,1.33,7.27
7000,159,1.79,7.27
7010,159,2.28,7.21
7020,159,2.81,7.21
7030,159,3.24,7.1099997
7040,159,3.72,7.14
7050,159,4.1400003,7.14
7060,159,4.6099997,7.1499996
7070,159,5.0699997,7.12
7080,160,0.39,6.71
7090,160,0.84,6.69
7100,160,1.3299999,6.6
7110,160,1.79,6.61
7120,160,2.25,6.52
7130,160,2.72,6.51
7140,160,3.19,6.42
7150,160,3.68,6.54
7160,160,4.14,6.55
7170,160,4.5699997,6.56
7180,160,5.0499997,6.5
7190,160,5.5699997,6.41
7080,161,0.44,7.34
7090,161,0.87,7.36
7100,161,1.33,7.27
7110,161,1.7900001,7.27
7120,161,2.28,7.21
7130,161,2.81,7.21
7140,161,3.24,7.11
7150,161,3.72,7.1400003
7160,161,4.14,7.1400003
7170,161,4.6099997,7.15
7180,161,5.0699997,7.12
7190,161,5.5299997,7.1
7200,162,0.84,6.69
7210,162,1.3299999,6.6
7220,162,1.79,6.61
7230,162,2.25,6.52
7240,162,2.7199998,6.51
7250,162,3.19,6.42
7260,162,3.6799998,6.54
7270,162,4.14,6.55
7280,162,4.5699997,6.56
7290,162,5.0499997,6.5
7300,162,5.5699997,6.41
7310,162,6.1,6.45
7200,163,0.87,7.36
7210,163,1.3299999,7.27
7220,163,1.79,7.27
7230,163,2.28,7.21
7240,163,2.81,7.21
7250,163,3.24,7.11
7260,163,3.72,7.1400003
7270,163,4.14,7.1400003
7280,163,4.61,7.15
7290,163,5.07,7.1200004
7300,163,5.53,7.1000004
7310,163,6.09,7.1000004
7320,164,1.3299999,6.6
7330,164,1.79,6.61
7340,164,2.25,6.52
7350,164,2.72,6.51
7360,164,3.19,6.42
7370,164,3.68,6.54
7380,164,4.1400003,6.55
7390,164,4.57,6.56
7400,164,5.05,6.5
7410,164,5.57,6.41
7420,164,6.1000004,6.45
7430,164,6.6100006,6.36
7320,165,1.33,7.27
7330,165,1.79,7.27
7340,165,2.2800002,7.21
7350,165,2.81,7.21
7360,165,3.2400002,7.11
7370,165,3.7200003,7.1400003
7380,165,4.1400003,7.1400003
7390,165,4.61,7.15
7400,165,5.07,7.1200004
7410,165,5.53,7.1000004
7420,165,6.09,7.1000004
7430,165,6.65,7.02
7440,166,1.7900001,6.61
7450,166,2.25,6.52
7460,166,2.72,6.5099998
7470,166,3.19,6.42
7480,166,3.6799998,6.54
7490,166,4.14,6.5499997
7500,166,4.57,6.56
7510,166,5.05,6.5
7520,166,5.5699997,6.41
7530,166,6.0999994,6.45
7540,166,6.6099997,6.3599997
7550,166,7.1699996,6.35
7440,167,1.7900001,7.27
7450,167,2.2800002,7.21
7460,167,2.81,7.21
7470,167,3.2400002,7.11
7480,167,3.7200003,7.14
7490,167,4.1400003,7.14
7500,167,4.61,7.15
7510,167,5.07,7.12
7520,167,5.53,7.1
7530,167,6.09,7.1
7540,167,6.65,7.02
7550,167,7.2000003,7.02
7560,168,2.25,6.52
7570,168,2.72,6.51
7580,168,3.19,6.42
7590,168,3.6799998,6.54
7600,168,4.14,6.55
7610,168,4.5699997,6.56
7620,168,5.05,6.5
7630,168,5.5699997,6.4100003
7640,168,6.1,6.4500003
7650,168,6.6099997,6.36
7660,168,7.1699996,6.3500004
7670,168,7.7,6.29
7560,169,2.28,7.21
7570,169,2.81,7.21
7580,169,3.24,7.11
7590,169,3.72,7.14
7600,169,4.1400003,7.14
7610,169,4.61,7.15
7620,169,5.07,7.12
7630,169,5.53,7.1
7640,169,6.09,7.1
7650,169,6.65,7.02
7660,169,7.2000003,7.02
7670,169,7.76,6.92
7680,170,2.72,6.5099998
7690,170,3.19,6.42
7700,170,3.68,6.54
7710,170,4.1400003,6.55
7720,170,4.57,6.56
7730,170,5.05,6.5
7740,170,5.57,6.41
7750,170,6.1000004,6.45
7760,170,6.61,6.36
7770,170,7.17,6.35
7780,170,7.7,6.29
7790,170,8.19,6.29
7680,171,2.81,7.21
7690,171,3.24,7.11
7700,171,3.7199998,7.14
7710,171,4.14,7.14
7720,171,4.6099997,7.15
7730,171,5.0699997,7.12
7740,171,5.5299997,7.1
7750,171,6.09,7.1
7760,171,6.6499996,7.02
7770,171,7.2,7.02
7780,171,7.76,6.92
7790,171,8.22,6.9
7800,172,3.19,6.42
7810,172,3.68,6.5400004
7820,172,4.1400003,6.55
7830,172,4.57,6.5600004
7840,172,5.05,6.5
7850,172,5.57,6.4100003
7860,172,6.1000004,6.4500003
7870,172,6.61,6.36
7880,172,7.17,6.3500004
7890,172,7.700001,6.2900004
7900,172,8.190001,6.2900004
7910,172,8.67,6.2900004
7800,173,3.24,7.11
7810,173,3.7199998,7.14
7820,173,4.14,7.14
7830,173,4.6099997,7.15
7840,173,5.0699997,7.12
7850,173,5.5299997,7.1
7860,173,6.09,7.1
7870,173,6.6499996,7.02
7880,173,7.2,7.02
7890,173,7.7599998,6.92
7900,173,8.219999,6.9
7910,173,8.66,6.81
7920,174,3.68,6.54
7930,174,4.1400003,6.55
7940,174,4.57,6.56
7950,174,5.05,6.5
7960,174,5.57,6.41
7970,174,6.1000004,6.4500003
7980,174,6.61,6.36
7990,174,7.17,6.35
8000,174,7.7000003,6.29
8010,174,8.190001,6.29
8020,174,8.67,6.29
8030,174,9.12,6.27
7920,175,3.72,7.1400003
7930,175,4.14,7.1400003
7940,175,4.61,7.15
7950,175,5.07,7.1200004
7960,175,5.5299997,7.1
7970,175,6.09,7.1
7980,175,6.6499996,7.02
7990,175,7.2,7.02
8000,175,7.76,6.92
8010,175,8.22,6.9
8020,175,8.66,6.81
8030,175,9.1,6.79
8040,176,4.14,6.55
8050,176,4.57,6.56
8060,176,5.05,6.5
8070,176,5.57,6.41
8080,176,6.1000004,6.45
8090,176,6.61,6.36
8100,176,7.17,6.35
8110,176,7.7,6.29
8120,176,8.190001,6.29
8130,176,8.67,6.29
8140,176,9.12,6.27
8150,176,9.53,6.24
8040,177,4.14,7.14
8050,177,4.61,7.15
8060,177,5.07,7.12
8070,177,5.53,7.1
8080,177,6.09,7.1
8090,177,6.65,7.02
8100,177,7.2,7.02
8110,177,7.76,6.92
8120,177,8.22,6.9
8130,177,8.66,6.81
8140,177,9.1,6.79
8150,177,9.53,6.7599998
8160,178,4.5699997,6.5600004
8170,178,5.0499997,6.5
8180,178,5.5699997,6.4100003
8190,178,6.1,6.4500003
8200,178,6.6099997,6.36
8210,178,7.1699996,6.3500004
8220,178,7.7,6.29
8230,178,8.19,6.29
8240,178,8.67,6.29
8250,178,9.119999,6.27
8260,178,9.529999,6.2400002
8270,178,9.98,6.1800003
8160,179,4.6099997,7.15
8170,179,5.0699997,7.12
8180,179,5.5299997,7.1
8190,179,6.09,7.1
8200,179,6.6499996,7.02
8210,179,7.2,7.02
8220,179,7.7599998,6.92
8230,179,8.219999,6.9
8240,179,8.66,6.81
8250,179,9.1,6.79
8260,179,9.53,6.7599998
8270,179,9.959999,6.74
8280,180,5.05,6.5
8290,180,5.57,6.41
8300,180,6.1000004,6.45
8310,180,6.61,6.36
8320,180,7.17,6.35
8330,180,7.7,6.29
8340,180,8.190001,6.29
8350,180,8.67,6.29
8360,180,9.12,6.27
8370,180,9.53,6.24
8380,180,9.98,6.18
8390,180,10.41,6.22
8280,181,5.07,7.12
8290,181,5.53,7.1
8300,181,6.09,7.1
8310,181,6.65,7.02
8320,181,7.2,7.02
8330,181,7.76,6.92
8340,181,8.22,6.9
8350,181,8.66,6.81
8360,181,9.1,6.79
8370,181,9.53,6.76
8380,181,9.959999,6.7400002
8390,181,10.349999,6.75
