11,1,4.86,0.3
21,1,4.5,0.22
31,1,4.12,0.16
41,1,3.72,0.11
51,1,3.31,0.07
61,1,2.9,0.04
71,1,2.48,0.01
81,1,2.06,-0.02
91,1,1.64,-0.05
101,1,1.22,-0.07
111,1,0.78,-0.08
121,1,0.34,-0.08
131,1,-0.11,-0.08
141,1,-0.57,-0.07
151,1,-1.03,-0.07
161,1,-1.5,-0.07
171,1,-1.97,-0.08
181,1,-2.44,-0.11
191,1,-2.92,-0.16
201,1,-3.4,-0.22
211,1,-3.89,-0.29
221,1,-4.38,-0.35
231,1,-4.86,-0.39
241,1,-5.35,-0.41
251,1,-5.84,-0.43
261,1,-6.32,-0.45
271,1,-6.79,-0.48
281,1,-7.24,-0.53
11,2,4.72,0.93
21,2,4.6,0.8
31,2,4.41,0.65
41,2,4.15,0.51
51,2,3.83,0.39
61,2,3.43,0.31
71,2,2.97,0.28
81,2,2.47,0.28
91,2,1.95,0.31
101,2,1.47,0.34
111,2,1.0,0.37
121,2,0.55,0.39
131,2,0.09,0.41
141,2,-0.37,0.44
151,2,-0.85,0.46
161,2,-1.33,0.47
171,2,-1.81,0.48
181,2,-2.29,0.48
191,2,-2.77,0.47
201,2,-3.25,0.45
211,2,-3.73,0.42
221,2,-4.21,0.39
231,2,-4.69,0.34
241,2,-5.18,0.29
251,2,-5.66,0.24
261,2,-6.14,0.18
271,2,-6.62,0.13
281,2,-7.09,0.07
291,2,-7.56,0.03
11,3,2.24,-0.04
21,3,2.65,-0.28
31,3,3.06,-0.53
41,3,3.47,-0.76
51,3,3.91,-0.97
61,3,4.39,-1.14
71,3,4.89,-1.29
81,3,5.36,-1.45
91,3,5.78,-1.65
101,3,6.19,-1.86
111,3,6.59,-2.06
121,3,7.03,-2.21
131,3,7.53,-2.29
11,4,-0.19,-0.1
21,4,-0.72,0.13
31,4,-1.28,0.35
41,4,-1.87,0.58
51,4,-2.47,0.79
61,4,-3.08,0.98
71,4,-3.69,1.16
81,4,-4.31,1.31
91,4,-4.93,1.45
101,4,-5.54,1.59
111,4,-6.11,1.73
121,4,-6.62,1.9
131,4,-7.05,2.11
141,4,-7.36,2.38
151,4,-7.55,2.73
11,5,-2.27,0.36
21,5,-2.73,0.41
31,5,-3.2,0.46
41,5,-3.66,0.42
51,5,-4.14,0.31
61,5,-4.61,0.21
71,5,-5.1,0.11
81,5,-5.6,0.02
91,5,-6.09,-0.06
101,5,-6.56,-0.09
111,5,-7.03,-0.13
121,5,-7.51,-0.16
11,6,-1.58,-0.42
21,6,-2.17,-0.39
31,6,-2.76,-0.36
41,6,-3.31,-0.4
51,6,-3.85,-0.45
61,6,-4.4,-0.5
71,6,-4.89,-0.57
81,6,-5.39,-0.64
91,6,-5.88,-0.72
101,6,-6.35,-0.78
111,6,-6.8,-0.84
121,6,-7.26,-0.89
11,7,0.36,-0.91
21,7,0.97,-0.85
31,7,1.58,-0.8
41,7,2.19,-0.72
51,7,2.79,-0.63
61,7,3.39,-0.53
71,7,4.03,-0.44
81,7,4.7,-0.36
91,7,5.36,-0.28
101,7,6.02,-0.25
111,7,6.67,-0.26
121,7,7.32,-0.28
11,8,-0.02,-2.39
21,8,0.49,-2.45
31,8,0.98,-2.48
41,8,1.45,-2.49
51,8,1.91,-2.48
61,8,2.35,-2.46
71,8,2.78,-2.44
81,8,3.19,-2.43
91,8,3.58,-2.43
101,8,3.97,-2.43
111,8,4.36,-2.44
121,8,4.75,-2.44
131,8,5.15,-2.44
141,8,5.55,-2.45
151,8,5.97,-2.44
161,8,6.4,-2.44
171,8,6.86,-2.42
181,8,7.33,-2.4
11,9,-0.12,-1.7
21,9,0.3,-1.7
31,9,0.73,-1.7
41,9,1.16,-1.7
51,9,1.63,-1.7
61,9,2.1,-1.7
71,9,2.57,-1.7
81,9,3.04,-1.7
91,9,3.47,-1.7
101,9,3.9,-1.7
111,9,4.33,-1.7
121,9,4.76,-1.7
131,9,5.17,-1.68
141,9,5.55,-1.64
151,9,5.93,-1.6
161,9,6.31,-1.56
171,9,6.69,-1.52
181,9,7.07,-1.47
191,9,7.45,-1.43
111,10,7.4,-0.85
121,10,6.94,-0.75
131,10,6.45,-0.68
141,10,5.96,-0.62
151,10,5.45,-0.56
161,10,4.93,-0.52
171,10,4.42,-0.47
181,10,3.9,-0.41
191,10,3.38,-0.35
201,10,2.88,-0.27
211,10,2.38,-0.18
221,10,1.91,-0.06
231,10,1.45,0.08
241,10,1.01,0.24
251,10,0.57,0.39
261,10,0.13,0.54
271,10,-0.32,0.66
281,10,-0.77,0.76
291,10,-1.22,0.83
301,10,-1.68,0.88
311,10,-2.12,0.9
321,10,-2.57,0.9
331,10,-3.02,0.9
341,10,-3.47,0.9
351,10,-3.93,0.92
361,10,-4.39,0.97
371,10,-4.86,1.04
381,10,-5.31,1.14
391,10,-5.73,1.26
401,10,-6.13,1.41
411,10,-6.48,1.58
421,10,-6.8,1.77
431,10,-7.07,1.98
441,10,-7.29,2.2
451,10,-7.45,2.43
461,10,-7.56,2.67
471,10,-7.6,2.91
111,11,7.48,-1.49
121,11,7.04,-1.35
131,11,6.55,-1.3
141,11,6.04,-1.32
151,11,5.5,-1.38
161,11,4.96,-1.46
171,11,4.42,-1.51
181,11,3.9,-1.53
191,11,3.39,-1.5
201,11,2.9,-1.43
211,11,2.41,-1.31
221,11,1.93,-1.15
231,11,1.44,-0.97
241,11,0.97,-0.78
251,11,0.5,-0.6
261,11,0.06,-0.45
271,11,-0.36,-0.33
281,11,-0.78,-0.25
291,11,-1.19,-0.19
301,11,-1.62,-0.15
311,11,-2.06,-0.12
321,11,-2.53,-0.09
331,11,-3.0,-0.06
341,11,-3.46,-0.03
351,11,-3.91,0.02
361,11,-4.36,0.09
371,11,-4.81,0.17
381,11,-5.27,0.25
391,11,-5.74,0.35
401,11,-6.21,0.46
411,11,-6.66,0.6
421,11,-7.07,0.78
431,11,-7.41,1.01
441,11,-7.67,1.31
181,12,-7.23,-1.89
191,12,-6.65,-1.75
201,12,-6.07,-1.66
211,12,-5.49,-1.62
221,12,-4.91,-1.6
231,12,-4.33,-1.61
241,12,-3.74,-1.62
251,12,-3.14,-1.63
261,12,-2.53,-1.63
271,12,-1.92,-1.61
281,12,-1.31,-1.59
291,12,-0.71,-1.56
301,12,-0.11,-1.52
311,12,0.47,-1.47
321,12,1.05,-1.39
331,12,1.63,-1.29
341,12,2.2,-1.18
351,12,2.78,-1.09
361,12,3.37,-1.04
371,12,3.96,-1.02
381,12,4.56,-1.02
391,12,5.15,-1.05
401,12,5.74,-1.08
411,12,6.31,-1.11
421,12,6.86,-1.13
431,12,7.4,-1.13
181,13,-7.13,-2.39
191,13,-6.58,-2.39
201,13,-6.01,-2.37
211,13,-5.44,-2.32
221,13,-4.87,-2.26
231,13,-4.29,-2.18
241,13,-3.72,-2.09
251,13,-3.15,-2.01
261,13,-2.59,-1.92
271,13,-2.03,-1.85
281,13,-1.45,-1.79
291,13,-0.86,-1.74
301,13,-0.25,-1.72
311,13,0.38,-1.7
321,13,1.02,-1.68
331,13,1.66,-1.65
341,13,2.3,-1.6
351,13,2.93,-1.54
361,13,3.56,-1.49
371,13,4.17,-1.48
381,13,4.78,-1.52
391,13,5.37,-1.57
401,13,5.95,-1.63
411,13,6.52,-1.68
421,13,7.06,-1.69
431,13,7.59,-1.66
321,14,-7.33,-2.09
331,14,-6.99,-2.15
341,14,-6.63,-2.2
351,14,-6.26,-2.24
361,14,-5.88,-2.27
371,14,-5.51,-2.3
381,14,-5.13,-2.31
391,14,-4.76,-2.32
401,14,-4.4,-2.33
411,14,-4.06,-2.32
421,14,-3.74,-2.32
431,14,-3.44,-2.31
441,14,-3.15,-2.3
451,14,-2.86,-2.3
461,14,-2.55,-2.32
471,14,-2.21,-2.35
481,14,-1.85,-2.38
491,14,-1.46,-2.4
501,14,-1.05,-2.38
511,14,-0.63,-2.33
521,14,-0.2,-2.25
531,14,0.24,-2.17
541,14,0.69,-2.09
551,14,1.15,-2.04
561,14,1.6,-2.03
571,14,2.05,-2.04
581,14,2.5,-2.07
591,14,2.93,-2.09
601,14,3.36,-2.08
611,14,3.77,-2.03
621,14,4.17,-1.95
631,14,4.57,-1.85
641,14,4.95,-1.76
651,14,5.33,-1.66
661,14,5.7,-1.59
671,14,6.07,-1.53
681,14,6.42,-1.47
691,14,6.75,-1.41
701,14,7.05,-1.33
711,14,7.31,-1.23
721,14,7.54,-1.09
321,15,-7.41,-2.58
331,15,-7.04,-2.65
341,15,-6.67,-2.71
351,15,-6.32,-2.75
361,15,-5.96,-2.78
371,15,-5.61,-2.8
381,15,-5.25,-2.82
391,15,-4.89,-2.83
401,15,-4.52,-2.84
411,15,-4.15,-2.85
421,15,-3.76,-2.86
431,15,-3.38,-2.87
441,15,-3.0,-2.88
451,15,-2.62,-2.89
461,15,-2.27,-2.91
471,15,-1.92,-2.92
481,15,-1.57,-2.93
491,15,-1.23,-2.91
501,15,-0.88,-2.88
511,15,-0.53,-2.82
521,15,-0.17,-2.75
531,15,0.21,-2.68
541,15,0.61,-2.62
551,15,1.02,-2.6
561,15,1.46,-2.59
571,15,1.9,-2.6
581,15,2.35,-2.63
591,15,2.8,-2.66
601,15,3.25,-2.7
611,15,3.69,-2.72
621,15,4.12,-2.71
631,15,4.54,-2.66
641,15,4.94,-2.55
651,15,5.32,-2.4
661,15,5.7,-2.24
671,15,6.09,-2.11
681,15,6.46,-1.99
691,15,6.81,-1.88
701,15,7.13,-1.77
711,15,7.4,-1.65
721,15,7.61,-1.52
321,16,7.43,-2.48
331,16,6.86,-2.56
341,16,6.28,-2.61
351,16,5.68,-2.63
361,16,5.08,-2.61
371,16,4.48,-2.56
381,16,3.87,-2.46
391,16,3.28,-2.32
401,16,2.69,-2.14
411,16,2.12,-1.92
421,16,1.55,-1.69
431,16,1.01,-1.46
441,16,0.48,-1.24
451,16,-0.04,-1.02
461,16,-0.54,-0.8
471,16,-1.03,-0.58
481,16,-1.5,-0.34
491,16,-1.97,-0.11
501,16,-2.44,0.11
511,16,-2.91,0.3
521,16,-3.39,0.46
531,16,-3.88,0.61
541,16,-4.36,0.76
551,16,-4.83,0.92
561,16,-5.27,1.09
571,16,-5.69,1.29
581,16,-6.08,1.5
591,16,-6.43,1.73
601,16,-6.75,1.95
611,16,-7.03,2.17
621,16,-7.26,2.38
631,16,-7.44,2.58
341,17,-7.3,-1.29
351,17,-6.89,-1.27
361,17,-6.5,-1.25
371,17,-6.1,-1.24
381,17,-5.71,-1.24
391,17,-5.32,-1.24
401,17,-4.92,-1.25
411,17,-4.53,-1.26
421,17,-4.14,-1.28
431,17,-3.74,-1.29
441,17,-3.34,-1.31
451,17,-2.94,-1.32
461,17,-2.53,-1.32
471,17,-2.12,-1.31
481,17,-1.7,-1.27
491,17,-1.28,-1.2
501,17,-0.85,-1.12
511,17,-0.42,-1.03
521,17,0.0,-0.94
531,17,0.42,-0.87
541,17,0.83,-0.83
551,17,1.24,-0.8
561,17,1.64,-0.77
571,17,2.06,-0.75
581,17,2.48,-0.71
591,17,2.91,-0.65
601,17,3.36,-0.59
611,17,3.81,-0.51
621,17,4.27,-0.44
631,17,4.73,-0.36
641,17,5.18,-0.29
651,17,5.64,-0.23
661,17,6.09,-0.18
671,17,6.53,-0.16
681,17,6.96,-0.16
691,17,7.38,-0.19
341,18,-7.49,-2.1
351,18,-7.2,-2.08
361,18,-6.86,-2.07
371,18,-6.49,-2.06
381,18,-6.09,-2.06
391,18,-5.67,-2.05
401,18,-5.23,-2.05
411,18,-4.8,-2.05
421,18,-4.37,-2.06
431,18,-3.95,-2.06
441,18,-3.55,-2.05
451,18,-3.16,-2.04
461,18,-2.77,-2.02
471,18,-2.37,-1.99
481,18,-1.95,-1.93
491,18,-1.5,-1.85
501,18,-1.05,-1.77
511,18,-0.59,-1.69
521,18,-0.13,-1.62
531,18,0.3,-1.57
541,18,0.73,-1.54
551,18,1.15,-1.51
561,18,1.57,-1.49
571,18,2.01,-1.47
581,18,2.46,-1.43
591,18,2.92,-1.4
601,18,3.39,-1.36
611,18,3.85,-1.32
621,18,4.32,-1.29
631,18,4.78,-1.27
641,18,5.22,-1.24
651,18,5.66,-1.22
661,18,6.09,-1.19
671,18,6.5,-1.16
681,18,6.9,-1.12
691,18,7.28,-1.07
461,19,7.12,-2.74
471,19,6.42,-2.81
481,19,5.73,-2.87
491,19,5.04,-2.91
501,19,4.37,-2.96
511,19,3.72,-3.02
521,19,3.09,-3.1
531,19,2.47,-3.2
541,19,1.87,-3.28
551,19,1.24,-3.29
561,19,0.58,-3.21
571,19,-0.07,-3.08
581,19,-0.71,-2.93
591,19,-1.34,-2.79
601,19,-1.97,-2.68
611,19,-2.62,-2.61
621,19,-3.27,-2.58
631,19,-3.92,-2.58
641,19,-4.58,-2.59
651,19,-5.23,-2.61
661,19,-5.88,-2.64
671,19,-6.51,-2.68
681,19,-7.12,-2.72
601,20,7.5,-2.04
611,20,7.08,-2.03
621,20,6.65,-2.26
631,20,6.19,-2.59
641,20,5.72,-2.86
651,20,5.22,-2.93
661,20,4.7,-2.82
671,20,4.18,-2.66
681,20,3.65,-2.51
691,20,3.13,-2.36
701,20,2.59,-2.21
711,20,2.06,-2.06
721,20,1.52,-1.91
731,20,0.99,-1.8
741,20,0.46,-1.74
751,20,-0.05,-1.75
761,20,-0.56,-1.79
771,20,-1.07,-1.84
781,20,-1.59,-1.89
791,20,-2.12,-1.93
801,20,-2.65,-1.95
811,20,-3.18,-1.96
821,20,-3.72,-1.95
831,20,-4.25,-1.92
841,20,-4.79,-1.89
851,20,-5.31,-1.86
861,20,-5.83,-1.82
871,20,-6.34,-1.8
881,20,-6.83,-1.79
891,20,-7.3,-1.8
621,21,7.17,-4.08
631,21,6.66,-4.11
641,21,6.14,-4.16
651,21,5.6,-4.2
661,21,5.05,-4.23
671,21,4.5,-4.24
681,21,3.95,-4.23
691,21,3.4,-4.19
701,21,2.85,-4.12
711,21,2.31,-4.04
721,21,1.78,-3.96
731,21,1.26,-3.89
741,21,0.74,-3.83
751,21,0.22,-3.79
761,21,-0.29,-3.78
771,21,-0.81,-3.78
781,21,-1.33,-3.81
791,21,-1.84,-3.84
801,21,-2.36,-3.87
811,21,-2.87,-3.89
821,21,-3.38,-3.9
831,21,-3.88,-3.9
841,21,-4.38,-3.88
851,21,-4.89,-3.87
861,21,-5.39,-3.85
871,21,-5.89,-3.84
881,21,-6.4,-3.84
891,21,-6.92,-3.86
901,21,-7.43,-3.9
621,22,7.29,-3.0
631,22,6.74,-3.09
641,22,6.22,-3.23
651,22,5.72,-3.38
661,22,5.21,-3.49
671,22,4.67,-3.51
681,22,4.1,-3.45
691,22,3.54,-3.34
701,22,3.0,-3.23
711,22,2.48,-3.13
721,22,1.98,-3.03
731,22,1.46,-2.94
741,22,0.92,-2.85
751,22,0.37,-2.78
761,22,-0.19,-2.72
771,22,-0.74,-2.68
781,22,-1.28,-2.67
791,22,-1.81,-2.67
801,22,-2.33,-2.68
811,22,-2.83,-2.69
821,22,-3.32,-2.72
831,22,-3.8,-2.74
841,22,-4.27,-2.76
851,22,-4.74,-2.79
861,22,-5.22,-2.81
871,22,-5.71,-2.83
881,22,-6.22,-2.85
891,22,-6.76,-2.86
901,22,-7.33,-2.87
691,23,7.15,-3.07
701,23,6.63,-3.01
711,23,6.1,-2.95
721,23,5.58,-2.9
731,23,5.04,-2.84
741,23,4.51,-2.79
751,23,3.97,-2.75
761,23,3.44,-2.7
771,23,2.89,-2.67
781,23,2.35,-2.63
791,23,1.82,-2.61
801,23,1.29,-2.58
811,23,0.78,-2.56
821,23,0.27,-2.55
831,23,-0.22,-2.53
841,23,-0.71,-2.52
851,23,-1.2,-2.5
861,23,-1.68,-2.49
871,23,-2.16,-2.47
881,23,-2.65,-2.46
891,23,-3.12,-2.44
901,23,-3.6,-2.43
911,23,-4.07,-2.43
921,23,-4.53,-2.42
931,23,-5.0,-2.43
941,23,-5.47,-2.44
951,23,-5.94,-2.45
961,23,-6.42,-2.48
971,23,-6.9,-2.51
981,23,-7.39,-2.56
691,24,7.12,-2.57
701,24,6.56,-2.5
711,24,6.02,-2.43
721,24,5.5,-2.37
731,24,4.99,-2.3
741,24,4.49,-2.24
751,24,3.99,-2.19
761,24,3.5,-2.13
771,24,3.0,-2.07
781,24,2.49,-2.01
791,24,1.99,-1.96
801,24,1.49,-1.93
811,24,0.98,-1.91
821,24,0.48,-1.91
831,24,-0.01,-1.93
841,24,-0.5,-1.95
851,24,-0.99,-1.96
861,24,-1.47,-1.96
871,24,-1.94,-1.95
881,24,-2.42,-1.94
891,24,-2.89,-1.94
901,24,-3.37,-1.94
911,24,-3.84,-1.94
921,24,-4.32,-1.95
931,24,-4.8,-1.97
941,24,-5.28,-1.98
951,24,-5.75,-1.99
961,24,-6.22,-2.0
971,24,-6.69,-1.99
981,24,-7.16,-1.98
711,25,7.33,-2.22
721,25,6.79,-2.09
731,25,6.14,-1.9
741,25,5.42,-1.67
751,25,4.73,-1.43
761,25,4.1,-1.2
771,25,3.49,-0.94
781,25,2.9,-0.67
791,25,2.29,-0.37
801,25,1.68,-0.1
811,25,1.06,0.14
821,25,0.44,0.33
831,25,-0.19,0.48
841,25,-0.82,0.61
851,25,-1.46,0.72
861,25,-2.1,0.84
871,25,-2.75,0.95
881,25,-3.39,1.06
891,25,-4.01,1.16
901,25,-4.61,1.23
911,25,-5.18,1.32
921,25,-5.72,1.44
931,25,-6.22,1.63
941,25,-6.66,1.88
951,25,-7.02,2.18
961,25,-7.28,2.5
971,25,-7.42,2.82
981,25,-7.41,3.15
721,26,7.13,-2.82
731,26,6.49,-2.67
741,26,5.81,-2.43
751,26,5.11,-2.16
761,26,4.43,-1.91
771,26,3.76,-1.72
781,26,3.1,-1.54
791,26,2.44,-1.31
801,26,1.78,-1.03
811,26,1.13,-0.75
821,26,0.48,-0.51
831,26,-0.17,-0.33
841,26,-0.81,-0.18
851,26,-1.45,-0.02
861,26,-2.1,0.14
871,26,-2.76,0.3
881,26,-3.41,0.45
891,26,-4.05,0.56
901,26,-4.69,0.66
911,26,-5.31,0.76
921,26,-5.9,0.89
931,26,-6.43,1.05
941,26,-6.86,1.26
951,26,-7.16,1.53
961,26,-7.37,1.82
971,26,-7.48,2.14
981,26,-7.54,2.45
991,26,-7.54,2.74
741,27,7.27,-2.16
751,27,6.7,-2.09
761,27,6.14,-1.91
771,27,5.59,-1.66
781,27,5.04,-1.37
791,27,4.5,-1.07
801,27,3.96,-0.79
811,27,3.42,-0.54
821,27,2.87,-0.32
831,27,2.33,-0.1
841,27,1.78,0.15
851,27,1.23,0.39
861,27,0.68,0.59
871,27,0.12,0.72
881,27,-0.45,0.81
891,27,-1.02,0.87
901,27,-1.59,0.94
911,27,-2.17,1.01
921,27,-2.75,1.08
931,27,-3.32,1.14
941,27,-3.89,1.17
951,27,-4.46,1.18
961,27,-5.02,1.15
971,27,-5.59,1.1
981,27,-6.16,1.01
991,27,-6.73,0.91
1001,27,-7.31,0.78
741,28,7.4,-3.21
751,28,6.77,-3.27
761,28,6.14,-3.21
771,28,5.5,-3.06
781,28,4.87,-2.84
791,28,4.27,-2.54
801,28,3.68,-2.2
811,28,3.13,-1.83
821,28,2.61,-1.45
831,28,2.1,-1.1
841,28,1.6,-0.8
851,28,1.08,-0.57
861,28,0.54,-0.4
871,28,-0.03,-0.28
881,28,-0.63,-0.2
891,28,-1.24,-0.12
901,28,-1.83,-0.03
911,28,-2.38,0.09
921,28,-2.9,0.24
931,28,-3.42,0.37
941,28,-3.97,0.44
951,28,-4.54,0.43
961,28,-5.14,0.36
971,28,-5.73,0.26
981,28,-6.32,0.14
991,28,-6.88,0.01
1001,28,-7.41,-0.1
751,29,-7.35,-1.83
761,29,-6.74,-1.78
771,29,-6.14,-1.68
781,29,-5.54,-1.56
791,29,-4.94,-1.43
801,29,-4.34,-1.3
811,29,-3.74,-1.19
821,29,-3.13,-1.12
831,29,-2.53,-1.08
841,29,-1.95,-1.07
851,29,-1.39,-1.1
861,29,-0.84,-1.15
871,29,-0.28,-1.21
881,29,0.3,-1.28
891,29,0.91,-1.35
901,29,1.53,-1.4
911,29,2.13,-1.43
921,29,2.65,-1.43
931,29,3.09,-1.4
941,29,3.45,-1.33
951,29,3.76,-1.22
961,29,4.05,-1.08
971,29,4.32,-0.94
981,29,4.53,-0.84
991,29,4.7,-0.78
1001,29,4.84,-0.74
1011,29,4.97,-0.71
1021,29,5.1,-0.68
1031,29,5.23,-0.65
1041,29,5.36,-0.61
1051,29,5.48,-0.58
1061,29,5.6,-0.54
1071,29,5.72,-0.5
1081,29,5.84,-0.47
1091,29,5.96,-0.43
1101,29,6.07,-0.39
1111,29,6.18,-0.35
1121,29,6.29,-0.32
1131,29,6.39,-0.28
1141,29,6.49,-0.24
1151,29,6.59,-0.2
1161,29,6.69,-0.16
1171,29,6.79,-0.12
1181,29,6.88,-0.08
1191,29,6.97,-0.04
1201,29,7.05,-0.0
1211,29,7.14,0.04
1221,29,7.22,0.08
1231,29,7.3,0.12
1241,29,7.37,0.15
1251,29,7.44,0.19
1261,29,7.51,0.23
1271,29,7.58,0.26
1281,29,7.64,0.3
1291,29,7.7,0.34
1301,29,7.76,0.37
1311,29,7.81,0.4
1321,29,7.86,0.44
1331,29,7.91,0.47
1341,29,7.95,0.5
1351,29,7.99,0.53
1361,29,8.03,0.56
1371,29,8.06,0.58
1381,29,8.09,0.61
1391,29,8.12,0.64
1401,29,8.14,0.66
1411,29,8.16,0.68
1421,29,8.18,0.7
1431,29,8.19,0.72
1441,29,8.2,0.74
1451,29,8.2,0.75
1461,29,8.2,0.77
1471,29,8.2,0.78
1481,29,8.2,0.79
1491,29,8.19,0.8
1501,29,8.17,0.8
1511,29,8.15,0.81
1521,29,8.13,0.81
1531,29,8.11,0.81
1541,29,8.08,0.81
1551,29,8.04,0.8
1561,29,8.0,0.8
1571,29,7.96,0.79
1581,29,7.92,0.78
1591,29,7.87,0.76
1601,29,7.81,0.74
1611,29,7.75,0.72
1621,29,7.69,0.7
1631,29,7.62,0.68
1641,29,7.55,0.65
1651,29,7.47,0.62
1661,29,7.39,0.58
1671,29,7.31,0.55
1681,29,7.22,0.51
1691,29,7.12,0.46
1701,29,7.02,0.42
1711,29,6.92,0.37
1721,29,6.81,0.32
1731,29,6.7,0.26
1741,29,6.58,0.2
1751,29,6.46,0.14
1761,29,6.33,0.07
1771,29,6.2,-0.0
1781,29,6.06,-0.08
1791,29,5.92,-0.15
1801,29,5.77,-0.24
1811,29,5.62,-0.32
1821,29,5.46,-0.41
1831,29,5.3,-0.5
1841,29,5.13,-0.6
1851,29,4.96,-0.7
1861,29,4.79,-0.82
1871,29,4.63,-1.01
1881,29,4.52,-1.34
1891,29,4.45,-1.84
1901,29,4.44,-2.5
1911,29,4.45,-3.29
1921,29,4.48,-4.16
1931,29,4.51,-5.08
1941,29,4.54,-6.03
761,30,-6.96,-1.25
771,30,-6.38,-1.15
781,30,-5.79,-1.04
791,30,-5.19,-0.94
801,30,-4.6,-0.85
811,30,-4.02,-0.76
821,30,-3.45,-0.68
831,30,-2.89,-0.63
841,30,-2.31,-0.62
851,30,-1.7,-0.65
861,30,-1.08,-0.7
871,30,-0.49,-0.73
881,30,0.08,-0.75
891,30,0.65,-0.77
901,30,1.23,-0.8
911,30,1.82,-0.86
921,30,2.42,-0.92
931,30,3.01,-0.97
941,30,3.56,-0.98
951,30,4.06,-0.97
961,30,4.49,-0.94
971,30,4.81,-0.92
981,30,5.05,-0.9
991,30,5.25,-0.88
1001,30,5.43,-0.87
1011,30,5.61,-0.86
1021,30,5.78,-0.85
1031,30,5.95,-0.85
1041,30,6.11,-0.85
1051,30,6.27,-0.85
1061,30,6.42,-0.85
1071,30,6.56,-0.86
1081,30,6.7,-0.87
1091,30,6.83,-0.89
1101,30,6.96,-0.9
1111,30,7.09,-0.92
1121,30,7.2,-0.94
1131,30,7.32,-0.96
1141,30,7.43,-0.99
1151,30,7.53,-1.01
1161,30,7.63,-1.04
1171,30,7.72,-1.07
1181,30,7.81,-1.1
1191,30,7.89,-1.13
1201,30,7.97,-1.17
1211,30,8.04,-1.2
1221,30,8.11,-1.24
1231,30,8.18,-1.28
1241,30,8.24,-1.32
1251,30,8.29,-1.36
1261,30,8.35,-1.4
1271,30,8.39,-1.44
1281,30,8.44,-1.48
1291,30,8.48,-1.52
1301,30,8.51,-1.56
1311,30,8.54,-1.61
1321,30,8.57,-1.65
1331,30,8.59,-1.69
1341,30,8.61,-1.74
1351,30,8.63,-1.78
1361,30,8.64,-1.82
1371,30,8.65,-1.86
1381,30,8.65,-1.91
1391,30,8.65,-1.95
1401,30,8.65,-1.99
1411,30,8.64,-2.03
1421,30,8.63,-2.07
1431,30,8.62,-2.1
1441,30,8.6,-2.14
1451,30,8.59,-2.18
1461,30,8.56,-2.21
1471,30,8.54,-2.24
1481,30,8.51,-2.28
1491,30,8.48,-2.31
1501,30,8.44,-2.33
1511,30,8.41,-2.36
1521,30,8.37,-2.38
1531,30,8.32,-2.41
1541,30,8.28,-2.43
1551,30,8.23,-2.45
1561,30,8.18,-2.46
1571,30,8.13,-2.48
1581,30,8.07,-2.49
1591,30,8.01,-2.49
1601,30,7.95,-2.5
1611,30,7.89,-2.5
1621,30,7.82,-2.5
1631,30,7.76,-2.5
1641,30,7.69,-2.49
1651,30,7.62,-2.48
1661,30,7.55,-2.47
1671,30,7.47,-2.45
1681,30,7.39,-2.43
1691,30,7.32,-2.41
1701,30,7.24,-2.38
1711,30,7.16,-2.35
1721,30,7.07,-2.32
1731,30,6.99,-2.28
1741,30,6.9,-2.23
1751,30,6.81,-2.19
1761,30,6.73,-2.13
1771,30,6.64,-2.08
1781,30,6.54,-2.02
1791,30,6.45,-1.95
1801,30,6.36,-1.88
1811,30,6.26,-1.8
1821,30,6.17,-1.72
1831,30,6.07,-1.64
1841,30,5.97,-1.55
1851,30,5.88,-1.45
1861,30,5.78,-1.35
1871,30,5.68,-1.24
1881,30,5.58,-1.13
1891,30,5.48,-1.01
1901,30,5.38,-0.89
1911,30,5.27,-0.76
1921,30,5.16,-0.63
1931,30,5.02,-0.51
1941,30,4.85,-0.41
1951,30,4.63,-0.33
1961,30,4.37,-0.28
1971,30,4.11,-0.23
1981,30,3.86,-0.19
1991,30,3.62,-0.14
2001,30,3.39,-0.09
2011,30,3.17,-0.02
2021,30,2.95,0.07
2031,30,2.73,0.17
2041,30,2.5,0.31
2051,30,2.26,0.49
2061,30,1.99,0.7
2071,30,1.72,0.92
2081,30,1.43,1.12
2091,30,1.13,1.3
2101,30,0.83,1.42
2111,30,0.54,1.5
2121,30,0.25,1.5
2131,30,-0.03,1.46
2141,30,-0.31,1.41
2151,30,-0.61,1.39
2161,30,-0.92,1.4
2171,30,-1.25,1.44
2181,30,-1.59,1.47
2191,30,-1.93,1.49
2201,30,-2.24,1.52
2211,30,-2.49,1.58
2221,30,-2.67,1.67
2231,30,-2.81,1.77
2241,30,-2.9,1.87
2251,30,-2.97,1.94
2261,30,-3.01,1.99
2271,30,-3.03,2.02
2281,30,-3.02,2.04
2291,30,-3.0,2.04
2301,30,-2.97,2.04
2311,30,-2.93,2.02
2321,30,-2.88,2.01
2331,30,-2.83,1.99
2341,30,-2.77,1.97
2351,30,-2.72,1.96
2361,30,-2.67,1.96
2371,30,-2.63,1.95
2381,30,-2.6,1.96
2391,30,-2.58,1.96
2401,30,-2.58,1.97
2411,30,-2.59,1.97
2421,30,-2.62,1.98
2491,30,-3.43,1.77
2501,30,-3.55,1.71
2511,30,-3.66,1.64
2521,30,-3.75,1.57
2531,30,-3.82,1.51
2541,30,-3.89,1.46
2551,30,-3.96,1.41
2561,30,-4.02,1.38
2571,30,-4.07,1.35
2581,30,-4.12,1.33
2591,30,-4.16,1.31
2601,30,-4.19,1.31
2611,30,-4.22,1.3
2621,30,-4.25,1.31
2631,30,-4.26,1.31
2641,30,-4.28,1.33
2651,30,-4.29,1.34
2661,30,-4.29,1.36
2671,30,-4.29,1.38
2681,30,-4.28,1.41
2691,30,-4.27,1.43
2701,30,-4.25,1.46
2711,30,-4.23,1.49
2721,30,-4.21,1.52
2731,30,-4.18,1.55
2741,30,-4.15,1.57
2751,30,-4.11,1.6
2761,30,-4.07,1.63
2771,30,-4.02,1.65
2781,30,-3.98,1.67
2791,30,-3.92,1.69
2801,30,-3.87,1.71
2811,30,-3.81,1.72
2821,30,-3.75,1.72
2831,30,-3.69,1.73
2841,30,-3.63,1.73
2851,30,-3.57,1.72
2861,30,-3.53,1.72
2871,30,-3.5,1.72
2881,30,-3.48,1.72
2891,30,-3.49,1.72
2901,30,-3.52,1.73
2911,30,-3.55,1.73
2921,30,-3.58,1.73
2931,30,-3.59,1.72
2941,30,-3.56,1.7
2951,30,-3.49,1.66
2961,30,-3.36,1.61
2971,30,-3.16,1.53
2981,30,-2.87,1.42
2991,30,-2.51,1.27
3001,30,-2.09,1.09
3011,30,-1.64,0.86
3021,30,-1.19,0.58
3031,30,-0.76,0.26
3041,30,-0.41,-0.1
3051,30,-0.15,-0.5
3061,30,-0.0,-0.96
3071,30,0.02,-1.48
3081,30,-0.05,-2.02
3091,30,-0.19,-2.52
3101,30,-0.34,-2.95
3111,30,-0.46,-3.25
3121,30,-0.51,-3.41
3131,30,-0.5,-3.46
3141,30,-0.45,-3.45
3151,30,-0.39,-3.43
3161,30,-0.34,-3.42
3171,30,-0.3,-3.42
3181,30,-0.28,-3.41
3191,30,-0.26,-3.4
3201,30,-0.26,-3.39
3211,30,-0.28,-3.35
3221,30,-0.32,-3.3
3231,30,-0.38,-3.22
3241,30,-0.46,-3.13
3251,30,-0.55,-3.02
3261,30,-0.64,-2.94
3271,30,-0.73,-2.88
3281,30,-0.81,-2.86
3291,30,-0.84,-2.86
3301,30,-0.83,-2.86
3311,30,-0.76,-2.85
3321,30,-0.61,-2.82
3331,30,-0.37,-2.76
3341,30,-0.05,-2.68
3351,30,0.31,-2.6
3361,30,0.67,-2.55
3371,30,1.01,-2.54
3381,30,1.28,-2.55
3391,30,1.47,-2.6
3401,30,1.59,-2.66
3411,30,1.67,-2.71
3421,30,1.72,-2.76
3431,30,1.74,-2.8
3441,30,1.74,-2.83
3451,30,1.72,-2.85
3461,30,1.68,-2.86
3471,30,1.64,-2.87
3481,30,1.58,-2.87
3491,30,1.53,-2.87
3501,30,1.47,-2.86
3511,30,1.41,-2.85
3521,30,1.37,-2.83
3531,30,1.33,-2.81
3541,30,1.31,-2.79
3551,30,1.31,-2.76
3561,30,1.33,-2.74
3571,30,1.38,-2.72
3581,30,1.46,-2.69
3591,30,1.57,-2.67
3601,30,1.72,-2.64
3611,30,1.93,-2.62
3621,30,2.21,-2.59
3631,30,2.6,-2.54
3641,30,3.07,-2.47
3651,30,3.58,-2.38
3661,30,4.1,-2.28
3671,30,4.62,-2.18
3681,30,5.14,-2.1
3691,30,5.67,-2.05
3701,30,6.2,-2.02
3711,30,6.72,-1.99
3721,30,7.23,-1.94
1201,31,-7.22,2.34
1211,31,-6.79,1.92
1221,31,-6.35,1.61
1231,31,-5.87,1.37
1241,31,-5.35,1.17
1251,31,-4.77,0.99
1261,31,-4.14,0.81
1271,31,-3.5,0.61
1281,31,-2.9,0.4
1291,31,-2.31,0.18
1301,31,-1.74,-0.04
1311,31,-1.16,-0.24
1321,31,-0.55,-0.44
1331,31,0.06,-0.62
1341,31,0.69,-0.81
1351,31,1.34,-1.01
1361,31,1.99,-1.2
1371,31,2.64,-1.37
1381,31,3.3,-1.51
1391,31,3.96,-1.6
1401,31,4.62,-1.65
1411,31,5.28,-1.64
1421,31,5.93,-1.58
1431,31,6.58,-1.45
1441,31,7.22,-1.27
1291,32,-7.03,-2.34
1301,32,-6.4,-2.25
1311,32,-5.75,-2.17
1321,32,-5.1,-2.11
1331,32,-4.44,-2.06
1341,32,-3.78,-2.03
1351,32,-3.13,-2.02
1361,32,-2.49,-2.01
1371,32,-1.85,-2.01
1381,32,-1.19,-1.99
1391,32,-0.53,-1.97
1401,32,0.15,-1.95
1411,32,0.82,-1.93
1421,32,1.49,-1.9
1431,32,2.16,-1.88
1441,32,2.83,-1.84
1451,32,3.5,-1.8
1461,32,4.16,-1.73
1471,32,4.81,-1.66
1481,32,5.45,-1.57
1491,32,6.07,-1.48
1501,32,6.67,-1.37
1511,32,7.25,-1.26
1531,33,-7.48,1.88
1541,33,-7.08,1.63
1551,33,-6.66,1.43
1561,33,-6.23,1.29
1571,33,-5.79,1.19
1581,33,-5.36,1.12
1591,33,-4.94,1.1
1601,33,-4.53,1.09
1611,33,-4.13,1.08
1621,33,-3.74,1.04
1631,33,-3.35,0.96
1641,33,-2.93,0.87
1651,33,-2.49,0.8
1661,33,-2.0,0.76
1671,33,-1.49,0.73
1681,33,-0.97,0.67
1691,33,-0.45,0.55
1701,33,0.05,0.4
1711,33,0.55,0.24
1721,33,1.03,0.09
1731,33,1.5,-0.06
1741,33,1.96,-0.26
1751,33,2.39,-0.52
1761,33,2.83,-0.82
1771,33,3.26,-1.12
1781,33,3.71,-1.39
1791,33,4.17,-1.64
1801,33,4.63,-1.9
1811,33,5.06,-2.22
1821,33,5.45,-2.59
1831,33,5.81,-2.94
1841,33,6.11,-3.19
1851,33,6.38,-3.35
1861,33,6.59,-3.56
1871,33,6.77,-3.88
1881,33,6.95,-4.27
1891,33,7.17,-4.69
1901,33,7.48,-5.09
1591,34,7.2,-2.08
1601,34,6.64,-2.07
1611,34,6.07,-2.06
1621,34,5.52,-2.05
1631,34,4.97,-2.04
1641,34,4.43,-2.04
1651,34,3.89,-2.05
1661,34,3.38,-2.08
1671,34,2.87,-2.11
1681,34,2.37,-2.14
1691,34,1.87,-2.15
1701,34,1.37,-2.14
1711,34,0.88,-2.12
1721,34,0.4,-2.09
1731,34,-0.07,-2.06
1741,34,-0.53,-2.04
1751,34,-0.96,-2.03
1761,34,-1.39,-2.03
1771,34,-1.82,-2.04
1781,34,-2.24,-2.05
1791,34,-2.67,-2.06
1801,34,-3.11,-2.07
1811,34,-3.56,-2.08
1821,34,-4.02,-2.09
1831,34,-4.47,-2.1
1841,34,-4.93,-2.11
1851,34,-5.4,-2.12
1861,34,-5.86,-2.14
1871,34,-6.31,-2.16
1881,34,-6.77,-2.18
1891,34,-7.21,-2.2
1581,35,7.41,-2.71
1591,35,6.87,-2.65
1601,35,6.33,-2.64
1611,35,5.81,-2.65
1621,35,5.28,-2.68
1631,35,4.75,-2.72
1641,35,4.21,-2.76
1651,35,3.66,-2.79
1661,35,3.1,-2.8
1671,35,2.55,-2.8
1681,35,2.02,-2.8
1691,35,1.52,-2.79
1701,35,1.06,-2.78
1711,35,0.61,-2.76
1721,35,0.19,-2.74
1731,35,-0.22,-2.72
1741,35,-0.63,-2.7
1751,35,-1.04,-2.68
1761,35,-1.46,-2.66
1771,35,-1.91,-2.65
1781,35,-2.37,-2.65
1791,35,-2.86,-2.66
1801,35,-3.36,-2.67
1811,35,-3.86,-2.69
1821,35,-4.36,-2.72
1831,35,-4.86,-2.74
1841,35,-5.36,-2.76
1851,35,-5.85,-2.79
1861,35,-6.33,-2.8
1871,35,-6.81,-2.82
1881,35,-7.28,-2.82
1651,36,-7.39,-0.26
1661,36,-7.11,-0.04
1671,36,-6.8,0.17
1681,36,-6.48,0.38
1691,36,-6.14,0.58
1701,36,-5.82,0.77
1711,36,-5.51,0.95
1721,36,-5.22,1.14
1731,36,-4.98,1.33
1741,36,-4.77,1.5
1751,36,-4.58,1.65
1761,36,-4.42,1.76
1771,36,-4.28,1.84
1781,36,-4.16,1.88
1791,36,-4.07,1.89
1801,36,-4.02,1.88
1811,36,-3.99,1.87
1821,36,-3.98,1.84
1831,36,-3.99,1.81
1841,36,-4.01,1.78
1851,36,-4.02,1.74
1861,36,-4.03,1.71
1871,36,-4.02,1.69
1881,36,-3.99,1.67
1891,36,-3.93,1.67
1901,36,-3.84,1.67
1911,36,-3.73,1.66
1921,36,-3.58,1.65
1931,36,-3.42,1.62
1941,36,-3.22,1.56
1951,36,-3.0,1.47
1961,36,-2.77,1.36
1971,36,-2.51,1.24
1981,36,-2.24,1.11
1991,36,-1.96,0.97
2001,36,-1.66,0.85
2011,36,-1.36,0.76
2021,36,-1.06,0.69
2031,36,-0.75,0.65
2041,36,-0.43,0.61
2051,36,-0.1,0.57
2061,36,0.23,0.5
2071,36,0.58,0.4
2081,36,0.93,0.28
2091,36,1.3,0.17
2101,36,1.68,0.09
2111,36,2.07,0.03
2121,36,2.47,-0.03
2131,36,2.88,-0.1
2141,36,3.29,-0.2
2151,36,3.7,-0.32
2161,36,4.12,-0.45
2171,36,4.54,-0.59
2181,36,4.96,-0.71
2191,36,5.38,-0.82
2201,36,5.8,-0.91
2211,36,6.22,-0.98
2221,36,6.63,-1.03
2231,36,7.05,-1.04
2241,36,7.46,-1.01
1641,37,-7.39,-1.37
1651,37,-7.01,-1.14
1661,37,-6.74,-0.88
1671,37,-6.56,-0.61
1681,37,-6.42,-0.35
1691,37,-6.31,-0.12
1701,37,-6.2,0.06
1711,37,-6.06,0.16
1721,37,-5.9,0.21
1731,37,-5.73,0.26
1741,37,-5.58,0.33
1751,37,-5.46,0.46
1761,37,-5.35,0.62
1771,37,-5.26,0.79
1781,37,-5.18,0.96
1791,37,-5.1,1.11
1801,37,-5.02,1.24
1811,37,-4.95,1.36
1821,37,-4.88,1.44
1831,37,-4.83,1.5
1841,37,-4.79,1.54
1851,37,-4.75,1.55
1861,37,-4.71,1.54
1871,37,-4.68,1.53
1881,37,-4.64,1.51
1891,37,-4.6,1.48
1901,37,-4.54,1.46
1911,37,-4.47,1.43
1921,37,-4.36,1.4
1931,37,-4.22,1.37
1941,37,-4.03,1.33
1951,37,-3.81,1.29
1961,37,-3.57,1.24
1971,37,-3.32,1.19
1981,37,-3.08,1.13
1991,37,-2.84,1.06
2001,37,-2.62,1.0
2011,37,-2.39,0.94
2021,37,-2.15,0.9
2031,37,-1.91,0.87
2041,37,-1.65,0.86
2051,37,-1.37,0.86
2061,37,-1.08,0.86
2071,37,-0.78,0.86
2081,37,-0.46,0.85
2091,37,-0.12,0.83
2101,37,0.23,0.79
2111,37,0.59,0.74
2121,37,0.96,0.68
2131,37,1.33,0.61
2141,37,1.72,0.52
2151,37,2.12,0.43
2161,37,2.54,0.31
2171,37,2.98,0.18
2181,37,3.43,0.04
2191,37,3.9,-0.09
2201,37,4.37,-0.22
2211,37,4.85,-0.32
2221,37,5.32,-0.41
2231,37,5.79,-0.48
2241,37,6.24,-0.53
2251,37,6.66,-0.55
2261,37,7.04,-0.55
2271,37,7.39,-0.52
1681,38,-7.4,-1.13
1691,38,-6.92,-1.13
1701,38,-6.45,-1.11
1711,38,-5.97,-1.08
1721,38,-5.5,-1.03
1731,38,-5.03,-0.97
1741,38,-4.57,-0.91
1751,38,-4.11,-0.86
1761,38,-3.65,-0.81
1771,38,-3.2,-0.77
1781,38,-2.75,-0.74
1791,38,-2.3,-0.72
1801,38,-1.86,-0.7
1811,38,-1.41,-0.68
1821,38,-0.97,-0.68
1831,38,-0.53,-0.68
1841,38,-0.09,-0.7
1851,38,0.34,-0.75
1861,38,0.77,-0.81
1871,38,1.21,-0.88
1881,38,1.66,-0.95
1891,38,2.12,-1.0
1901,38,2.6,-1.03
1911,38,3.08,-1.05
1921,38,3.56,-1.07
1931,38,4.01,-1.09
1941,38,4.44,-1.1
1951,38,4.85,-1.08
1961,38,5.24,-1.02
1971,38,5.61,-0.91
1981,38,5.98,-0.77
1991,38,6.34,-0.64
2001,38,6.72,-0.57
2011,38,7.1,-0.6
2021,38,7.52,-0.76
1681,39,-7.43,-1.91
1691,39,-6.96,-1.94
1701,39,-6.49,-1.99
1711,39,-6.01,-2.05
1721,39,-5.53,-2.11
1731,39,-5.06,-2.14
1741,39,-4.59,-2.13
1751,39,-4.12,-2.08
1761,39,-3.66,-1.98
1771,39,-3.21,-1.86
1781,39,-2.75,-1.75
1791,39,-2.3,-1.66
1801,39,-1.85,-1.61
1811,39,-1.42,-1.61
1821,39,-1.0,-1.66
1831,39,-0.56,-1.72
1841,39,-0.1,-1.76
1851,39,0.37,-1.78
1861,39,0.85,-1.8
1871,39,1.33,-1.82
1881,39,1.78,-1.86
1891,39,2.21,-1.92
1901,39,2.64,-1.99
1911,39,3.07,-2.07
1921,39,3.5,-2.14
1931,39,3.92,-2.18
1941,39,4.33,-2.2
1951,39,4.71,-2.17
1961,39,5.08,-2.1
1971,39,5.44,-1.98
1981,39,5.79,-1.82
1991,39,6.13,-1.63
2001,39,6.47,-1.48
2011,39,6.82,-1.42
2021,39,7.18,-1.51
2031,39,7.56,-1.8
1871,40,-7.47,0.35
1881,40,-7.14,0.28
1891,40,-6.78,0.26
1901,40,-6.4,0.28
1911,40,-6.01,0.32
1921,40,-5.61,0.37
1931,40,-5.21,0.4
1941,40,-4.81,0.4
1951,40,-4.42,0.34
1961,40,-4.04,0.23
1971,40,-3.67,0.07
1981,40,-3.31,-0.12
1991,40,-2.96,-0.32
2001,40,-2.62,-0.53
2011,40,-2.28,-0.73
2021,40,-1.91,-0.92
2031,40,-1.52,-1.08
2041,40,-1.11,-1.23
2051,40,-0.68,-1.35
2061,40,-0.25,-1.45
2071,40,0.16,-1.53
2081,40,0.57,-1.62
2091,40,0.99,-1.71
2101,40,1.42,-1.83
2111,40,1.86,-1.95
2121,40,2.3,-2.04
2131,40,2.73,-2.08
2141,40,3.13,-2.06
2151,40,3.51,-2.0
2161,40,3.85,-1.92
2171,40,4.17,-1.85
2181,40,4.47,-1.8
2191,40,4.76,-1.78
2201,40,5.07,-1.8
2211,40,5.4,-1.87
2221,40,5.77,-1.96
2231,40,6.16,-2.07
2241,40,6.57,-2.15
2251,40,7.0,-2.19
2261,40,7.45,-2.17
1901,41,-7.21,0.82
1911,41,-6.88,0.84
1921,41,-6.54,0.83
1931,41,-6.2,0.81
1941,41,-5.86,0.78
1951,41,-5.53,0.76
1961,41,-5.19,0.74
1971,41,-4.86,0.75
1981,41,-4.54,0.76
1991,41,-4.22,0.77
2001,41,-3.9,0.75
2011,41,-3.58,0.68
2021,41,-3.25,0.56
2031,41,-2.91,0.42
2041,41,-2.56,0.26
2051,41,-2.18,0.1
2061,41,-1.79,-0.05
2071,41,-1.38,-0.16
2081,41,-0.97,-0.24
2091,41,-0.58,-0.31
2101,41,-0.24,-0.43
2111,41,0.01,-0.66
2121,41,0.19,-0.96
2131,41,0.37,-1.21
2141,41,0.6,-1.33
2151,41,0.86,-1.3
2161,41,1.17,-1.18
2171,41,1.58,-1.05
2181,41,2.05,-0.95
2191,41,2.56,-0.91
2201,41,3.05,-0.92
2211,41,3.51,-0.97
2221,41,3.95,-1.02
2231,41,4.36,-1.03
2241,41,4.76,-1.0
2251,41,5.16,-0.97
2261,41,5.56,-0.95
2271,41,5.97,-0.97
2281,41,6.4,-1.01
2291,41,6.84,-1.04
2301,41,7.3,-1.07
1901,42,-7.17,-1.41
1911,42,-6.59,-1.43
1921,42,-5.99,-1.53
1931,42,-5.38,-1.66
1941,42,-4.76,-1.81
1951,42,-4.16,-1.95
1961,42,-3.57,-2.05
1971,42,-3.0,-2.14
1981,42,-2.43,-2.22
1991,42,-1.86,-2.29
2001,42,-1.28,-2.38
2011,42,-0.7,-2.49
2021,42,-0.1,-2.61
2031,42,0.51,-2.75
2041,42,1.13,-2.88
2051,42,1.79,-3.0
2061,42,2.47,-3.07
2071,42,3.17,-3.12
2081,42,3.88,-3.13
2091,42,4.59,-3.12
2101,42,5.29,-3.09
2111,42,5.97,-3.05
2121,42,6.63,-3.0
2131,42,7.26,-2.96
1901,43,-7.31,-1.04
1911,43,-6.7,-1.04
1921,43,-6.08,-1.09
1931,43,-5.46,-1.18
1941,43,-4.85,-1.3
1951,43,-4.24,-1.43
1961,43,-3.64,-1.57
1971,43,-3.06,-1.7
1981,43,-2.47,-1.82
1991,43,-1.88,-1.91
2001,43,-1.28,-1.98
2011,43,-0.68,-2.05
2021,43,-0.08,-2.13
2031,43,0.49,-2.23
2041,43,1.07,-2.35
2051,43,1.68,-2.46
2061,43,2.33,-2.53
2071,43,3.02,-2.57
2081,43,3.71,-2.58
2091,43,4.38,-2.57
2101,43,5.03,-2.55
2111,43,5.67,-2.51
2121,43,6.3,-2.46
2131,43,6.94,-2.39
1911,44,-7.24,-0.33
1921,44,-6.91,-0.28
1931,44,-6.57,-0.27
1941,44,-6.21,-0.28
1951,44,-5.85,-0.33
1961,44,-5.49,-0.4
1971,44,-5.13,-0.49
1981,44,-4.78,-0.6
1991,44,-4.45,-0.72
2001,44,-4.12,-0.82
2011,44,-3.8,-0.88
2021,44,-3.47,-0.89
2031,44,-3.14,-0.89
2041,44,-2.79,-0.89
2051,44,-2.41,-0.94
2061,44,-2.01,-1.03
2071,44,-1.59,-1.16
2081,44,-1.18,-1.32
2091,44,-0.76,-1.5
2101,44,-0.36,-1.67
2111,44,0.05,-1.82
2121,44,0.46,-1.92
2131,44,0.88,-1.98
2141,44,1.3,-2.02
2151,44,1.73,-2.06
2161,44,2.15,-2.11
2171,44,2.57,-2.16
2181,44,2.99,-2.21
2191,44,3.38,-2.26
2201,44,3.77,-2.3
2211,44,4.16,-2.34
2221,44,4.55,-2.37
2231,44,4.96,-2.4
2241,44,5.37,-2.43
2251,44,5.78,-2.45
2261,44,6.19,-2.47
2271,44,6.59,-2.48
2281,44,6.96,-2.48
2291,44,7.32,-2.47
1921,45,-7.25,0.2
1931,45,-6.91,0.14
1941,45,-6.56,0.13
1951,45,-6.2,0.15
1961,45,-5.83,0.18
1971,45,-5.46,0.2
1981,45,-5.07,0.22
1991,45,-4.68,0.2
2001,45,-4.28,0.15
2011,45,-3.89,0.08
2021,45,-3.52,-0.01
2031,45,-3.17,-0.11
2041,45,-2.83,-0.22
2051,45,-2.49,-0.33
2061,45,-2.12,-0.46
2071,45,-1.72,-0.59
2081,45,-1.32,-0.75
2091,45,-0.91,-0.93
2101,45,-0.52,-1.14
2111,45,-0.15,-1.34
2121,45,0.16,-1.48
2131,45,0.44,-1.56
2141,45,0.77,-1.6
2151,45,1.21,-1.63
2161,45,1.7,-1.63
2171,45,2.17,-1.61
2181,45,2.6,-1.58
2191,45,3.02,-1.56
2201,45,3.46,-1.55
2211,45,3.92,-1.55
2221,45,4.39,-1.55
2231,45,4.85,-1.55
2241,45,5.3,-1.55
2251,45,5.75,-1.55
2261,45,6.18,-1.56
2271,45,6.59,-1.57
2281,45,7.0,-1.61
2291,45,7.39,-1.67
1921,46,-6.83,-6.24
1931,46,-6.85,-5.72
1941,46,-6.9,-5.23
1951,46,-7.03,-4.8
1961,46,-7.16,-4.38
1971,46,-7.29,-3.97
1981,46,-7.44,-3.6
1991,46,-7.59,-3.22
1961,47,-7.04,-1.02
1971,47,-6.61,-0.9
1981,47,-6.2,-0.85
1991,47,-5.8,-0.85
2001,47,-5.41,-0.88
2011,47,-5.02,-0.9
2021,47,-4.64,-0.91
2031,47,-4.29,-0.85
2041,47,-3.99,-0.72
2051,47,-3.68,-0.53
2061,47,-3.34,-0.34
2071,47,-2.95,-0.14
2081,47,-2.55,0.05
2091,47,-2.14,0.23
2101,47,-1.7,0.37
2111,47,-1.23,0.44
2121,47,-0.76,0.46
2131,47,-0.34,0.44
2141,47,0.06,0.38
2151,47,0.5,0.29
2161,47,0.97,0.18
2171,47,1.45,0.09
2181,47,1.93,0.05
2191,47,2.42,0.05
2201,47,2.94,0.09
2211,47,3.47,0.18
2221,47,3.98,0.35
2231,47,4.48,0.58
2241,47,4.95,0.8
2251,47,5.39,1.0
2261,47,5.82,1.15
2271,47,6.26,1.25
2281,47,6.75,1.29
2291,47,7.3,1.27
1931,48,-6.0,-6.58
1941,48,-6.01,-5.97
1951,48,-6.04,-5.5
1961,48,-6.09,-5.11
1971,48,-6.17,-4.76
1981,48,-6.29,-4.39
1991,48,-6.44,-3.97
2001,48,-6.62,-3.5
2011,48,-6.82,-3.07
2021,48,-7.03,-2.7
2031,48,-7.22,-2.38
2041,48,-7.39,-2.08
2051,48,-7.54,-1.76
2061,48,-7.64,-1.39
1921,49,-5.28,-6.76
1931,49,-5.32,-6.26
1941,49,-5.34,-5.72
1951,49,-5.37,-5.18
1961,49,-5.44,-4.64
1971,49,-5.56,-4.13
1981,49,-5.76,-3.68
1991,49,-6.02,-3.27
2001,49,-6.27,-2.89
2011,49,-6.48,-2.53
2021,49,-6.64,-2.16
2031,49,-6.76,-1.8
2041,49,-6.89,-1.45
2051,49,-7.02,-1.11
2061,49,-7.15,-0.78
2071,49,-7.28,-0.47
2081,49,-7.41,-0.18
2091,49,-7.53,0.09
2101,49,-7.64,0.34
1981,50,-7.18,-1.66
1991,50,-6.61,-1.68
2001,50,-6.03,-1.75
2011,50,-5.45,-1.87
2021,50,-4.87,-2.01
2031,50,-4.3,-2.12
2041,50,-3.75,-2.22
2051,50,-3.17,-2.29
2061,50,-2.57,-2.35
2071,50,-1.95,-2.39
2081,50,-1.35,-2.42
2091,50,-0.77,-2.43
2101,50,-0.19,-2.46
2111,50,0.41,-2.53
2121,50,1.03,-2.63
2131,50,1.66,-2.72
2141,50,2.29,-2.78
2151,50,2.9,-2.79
2161,50,3.52,-2.79
2171,50,4.12,-2.8
2181,50,4.74,-2.82
2191,50,5.36,-2.83
2201,50,5.99,-2.82
2211,50,6.63,-2.77
2221,50,7.31,-2.68
1991,51,7.13,-1.44
2001,51,6.69,-1.52
2011,51,6.17,-1.57
2021,51,5.61,-1.55
2031,51,5.05,-1.47
2041,51,4.52,-1.31
2051,51,4.01,-1.13
2061,51,3.5,-0.96
2071,51,3.01,-0.84
2081,51,2.52,-0.75
2091,51,2.06,-0.67
2101,51,1.61,-0.59
2111,51,1.16,-0.48
2121,51,0.68,-0.34
2131,51,0.2,-0.19
2141,51,-0.29,-0.07
2151,51,-0.79,-0.02
2161,51,-1.29,-0.02
2171,51,-1.79,-0.05
2181,51,-2.31,-0.11
2191,51,-2.85,-0.19
2201,51,-3.42,-0.3
2211,51,-4.01,-0.42
2221,51,-4.61,-0.56
2231,51,-5.19,-0.72
2241,51,-5.76,-0.88
2251,51,-6.31,-1.04
2261,51,-6.85,-1.18
2271,51,-7.41,-1.3
1991,52,6.98,-1.93
2001,52,6.42,-1.89
2011,52,5.86,-1.81
2021,52,5.3,-1.7
2031,52,4.76,-1.59
2041,52,4.24,-1.51
2051,52,3.74,-1.46
2061,52,3.25,-1.42
2071,52,2.79,-1.38
2081,52,2.35,-1.33
2091,52,1.94,-1.26
2101,52,1.56,-1.12
2111,52,1.19,-0.9
2121,52,0.85,-0.64
2131,52,0.54,-0.5
2141,52,0.14,-0.42
2151,52,-0.4,-0.37
2161,52,-1.0,-0.4
2171,52,-1.59,-0.53
2181,52,-2.18,-0.68
2191,52,-2.76,-0.76
2201,52,-3.34,-0.79
2211,52,-3.95,-0.84
2221,52,-4.58,-0.96
2231,52,-5.21,-1.14
2241,52,-5.83,-1.32
2251,52,-6.43,-1.49
2261,52,-7.02,-1.63
2271,52,-7.62,-1.76
2021,53,7.23,0.14
2031,53,6.68,0.2
2041,53,6.12,0.19
2051,53,5.54,0.13
2061,53,4.94,0.07
2071,53,4.34,0.03
2081,53,3.74,0.04
2091,53,3.17,0.14
2101,53,2.65,0.34
2111,53,2.18,0.57
2121,53,1.76,0.79
2131,53,1.33,0.97
2141,53,0.87,1.08
2151,53,0.41,1.09
2161,53,-0.03,1.0
2171,53,-0.5,0.87
2181,53,-1.01,0.76
2191,53,-1.58,0.68
2201,53,-2.18,0.64
2211,53,-2.79,0.63
2221,53,-3.42,0.65
2231,53,-4.05,0.68
2241,53,-4.69,0.71
2251,53,-5.31,0.73
2261,53,-5.91,0.75
2271,53,-6.49,0.76
2281,53,-7.03,0.76
2291,53,-7.53,0.74
2491,54,-7.2,-2.36
2501,54,-6.49,-2.34
2511,54,-5.8,-2.32
2521,54,-5.12,-2.29
2531,54,-4.45,-2.26
2541,54,-3.79,-2.22
2551,54,-3.12,-2.18
2561,54,-2.45,-2.14
2571,54,-1.77,-2.1
2581,54,-1.08,-2.07
2591,54,-0.39,-2.05
2601,54,0.31,-2.03
2611,54,1.0,-2.03
2621,54,1.68,-2.05
2631,54,2.37,-2.08
2641,54,3.04,-2.13
2651,54,3.72,-2.17
2661,54,4.39,-2.22
2671,54,5.06,-2.27
2681,54,5.72,-2.31
2691,54,6.39,-2.33
2701,54,7.05,-2.35
2681,55,7.41,-1.12
2691,55,6.9,-1.07
2701,55,6.33,-1.01
2711,55,5.73,-0.95
2721,55,5.1,-0.9
2731,55,4.47,-0.86
2741,55,3.84,-0.84
2751,55,3.24,-0.84
2761,55,2.66,-0.86
2771,55,2.1,-0.89
2781,55,1.55,-0.92
2791,55,0.98,-0.94
2801,55,0.41,-0.96
2811,55,-0.16,-0.99
2821,55,-0.72,-1.04
2831,55,-1.25,-1.13
2841,55,-1.75,-1.27
2851,55,-2.25,-1.43
2861,55,-2.74,-1.6
2871,55,-3.26,-1.77
2881,55,-3.8,-1.91
2891,55,-4.36,-2.01
2901,55,-4.93,-2.09
2911,55,-5.51,-2.13
2921,55,-6.08,-2.15
2931,55,-6.66,-2.17
2941,55,-7.24,-2.18
2721,56,-7.35,1.49
2731,56,-7.05,1.31
2741,56,-6.81,1.13
2751,56,-6.62,0.94
2761,56,-6.46,0.74
2771,56,-6.3,0.54
2781,56,-6.12,0.33
2791,56,-5.9,0.12
2801,56,-5.63,-0.1
2811,56,-5.34,-0.3
2821,56,-5.05,-0.47
2831,56,-4.8,-0.57
2841,56,-4.62,-0.62
2851,56,-4.5,-0.64
2861,56,-4.44,-0.67
2871,56,-4.44,-0.7
2881,56,-4.5,-0.73
2891,56,-4.62,-0.73
2901,56,-4.81,-0.69
2911,56,-5.06,-0.58
2921,56,-5.37,-0.39
2931,56,-5.74,-0.12
2941,56,-6.12,0.18
2951,56,-6.48,0.46
2961,56,-6.81,0.73
2971,56,-7.09,0.98
2981,56,-7.32,1.23
2991,56,-7.5,1.49
3001,56,-7.61,1.78
2791,57,-7.05,2.4
2801,57,-7.06,2.0
2811,57,-6.95,1.63
2821,57,-6.72,1.31
2831,57,-6.41,1.03
2841,57,-6.02,0.81
2851,57,-5.58,0.64
2861,57,-5.11,0.53
2871,57,-4.65,0.47
2881,57,-4.23,0.43
2891,57,-3.91,0.41
2901,57,-3.7,0.37
2911,57,-3.58,0.33
2921,57,-3.5,0.3
2931,57,-3.42,0.26
2941,57,-3.34,0.23
2951,57,-3.28,0.21
2961,57,-3.21,0.19
2971,57,-3.15,0.18
2981,57,-3.1,0.16
2991,57,-3.05,0.15
3001,57,-3.01,0.15
3011,57,-2.97,0.15
3021,57,-2.94,0.15
3031,57,-2.92,0.15
3041,57,-2.89,0.15
3051,57,-2.88,0.16
3061,57,-2.87,0.17
3071,57,-2.86,0.18
3081,57,-2.86,0.19
3091,57,-2.87,0.2
3101,57,-2.88,0.21
3111,57,-2.9,0.22
3121,57,-2.92,0.23
3131,57,-2.95,0.24
3141,57,-2.98,0.25
3151,57,-3.02,0.26
3161,57,-3.07,0.27
3171,57,-3.12,0.28
3181,57,-3.18,0.28
3191,57,-3.24,0.29
3201,57,-3.31,0.29
3211,57,-3.38,0.29
3221,57,-3.46,0.28
3231,57,-3.54,0.28
3241,57,-3.62,0.27
3251,57,-3.7,0.27
3261,57,-3.78,0.26
3271,57,-3.86,0.25
3281,57,-3.93,0.25
3291,57,-3.99,0.24
3301,57,-4.05,0.23
3311,57,-4.11,0.23
3321,57,-4.15,0.22
3331,57,-4.18,0.22
3341,57,-4.2,0.22
3351,57,-4.21,0.22
3361,57,-4.2,0.22
3371,57,-4.17,0.22
3381,57,-4.13,0.23
3391,57,-4.07,0.24
3401,57,-3.99,0.25
3411,57,-3.89,0.27
3421,57,-3.77,0.29
3431,57,-3.63,0.32
3441,57,-3.46,0.35
3451,57,-3.26,0.37
3461,57,-3.04,0.39
3471,57,-2.8,0.37
3481,57,-2.53,0.32
3491,57,-2.23,0.26
3501,57,-1.89,0.19
3511,57,-1.51,0.12
3521,57,-1.08,0.08
3531,57,-0.61,0.05
3541,57,-0.12,0.03
3551,57,0.38,0.01
3561,57,0.87,-0.03
3571,57,1.34,-0.1
3581,57,1.79,-0.19
3591,57,2.23,-0.28
3601,57,2.68,-0.37
3611,57,3.14,-0.44
3621,57,3.62,-0.51
3631,57,4.11,-0.56
3641,57,4.61,-0.62
3651,57,5.13,-0.67
3661,57,5.66,-0.73
3671,57,6.2,-0.8
3681,57,6.75,-0.88
3691,57,7.31,-0.98
2891,58,7.44,-1.24
2901,58,6.84,-1.17
2911,58,6.23,-1.08
2921,58,5.61,-0.98
2931,58,5.0,-0.88
2941,58,4.4,-0.79
2951,58,3.82,-0.72
2961,58,3.26,-0.68
2971,58,2.72,-0.66
2981,58,2.18,-0.67
2991,58,1.65,-0.69
3001,58,1.11,-0.73
3011,58,0.56,-0.79
3021,58,-0.0,-0.86
3031,58,-0.58,-0.94
3041,58,-1.17,-1.01
3051,58,-1.74,-1.08
3061,58,-2.3,-1.11
3071,58,-2.83,-1.13
3081,58,-3.36,-1.11
3091,58,-3.87,-1.08
3101,58,-4.37,-1.02
3111,58,-4.87,-0.96
3121,58,-5.37,-0.9
3131,58,-5.88,-0.85
3141,58,-6.38,-0.82
3151,58,-6.89,-0.83
3161,58,-7.41,-0.88
2901,59,7.05,-2.03
2911,59,6.46,-1.96
2921,59,5.86,-1.87
2931,59,5.27,-1.76
2941,59,4.67,-1.65
2951,59,4.08,-1.54
2961,59,3.49,-1.45
2971,59,2.91,-1.38
2981,59,2.34,-1.35
2991,59,1.76,-1.34
3001,59,1.18,-1.36
3011,59,0.59,-1.4
3021,59,0.01,-1.46
3031,59,-0.55,-1.52
3041,59,-1.1,-1.58
3051,59,-1.63,-1.64
3061,59,-2.15,-1.7
3071,59,-2.66,-1.76
3081,59,-3.17,-1.8
3091,59,-3.67,-1.79
3101,59,-4.18,-1.69
3111,59,-4.68,-1.55
3121,59,-5.2,-1.45
3131,59,-5.72,-1.46
3141,59,-6.25,-1.53
3151,59,-6.77,-1.59
3161,59,-7.29,-1.58
2991,60,7.1,0.93
3001,60,6.66,0.73
3011,60,6.2,0.57
3021,60,5.71,0.44
3031,60,5.21,0.34
3041,60,4.69,0.26
3051,60,4.17,0.19
3061,60,3.63,0.14
3071,60,3.09,0.1
3081,60,2.55,0.08
3091,60,2.01,0.05
3101,60,1.49,0.02
3111,60,0.98,-0.03
3121,60,0.48,-0.1
3131,60,-0.01,-0.19
3141,60,-0.48,-0.3
3151,60,-0.94,-0.43
3161,60,-1.41,-0.57
3171,60,-1.87,-0.71
3181,60,-2.34,-0.84
3191,60,-2.83,-0.96
3201,60,-3.33,-1.07
3211,60,-3.85,-1.18
3221,60,-4.4,-1.29
3231,60,-4.95,-1.39
3241,60,-5.5,-1.49
3251,60,-6.04,-1.57
3261,60,-6.56,-1.64
3271,60,-7.06,-1.68
3281,60,-7.52,-1.7
2981,61,7.44,-1.46
2991,61,6.84,-1.47
3001,61,6.22,-1.49
3011,61,5.58,-1.52
3021,61,4.95,-1.54
3031,61,4.31,-1.58
3041,61,3.69,-1.62
3051,61,3.09,-1.66
3061,61,2.5,-1.7
3071,61,1.89,-1.72
3081,61,1.27,-1.73
3091,61,0.64,-1.71
3101,61,0.03,-1.66
3111,61,-0.56,-1.59
3121,61,-1.12,-1.51
3131,61,-1.66,-1.44
3141,61,-2.2,-1.37
3151,61,-2.73,-1.32
3161,61,-3.27,-1.3
3171,61,-3.82,-1.31
3181,61,-4.37,-1.35
3191,61,-4.92,-1.4
3201,61,-5.48,-1.46
3211,61,-6.03,-1.5
3221,61,-6.57,-1.5
3231,61,-7.1,-1.45
2981,62,7.16,-2.37
2991,62,6.52,-2.37
3001,62,5.9,-2.37
3011,62,5.29,-2.37
3021,62,4.7,-2.36
3031,62,4.13,-2.36
3041,62,3.58,-2.37
3051,62,3.06,-2.38
3061,62,2.56,-2.41
3071,62,2.06,-2.43
3081,62,1.52,-2.44
3091,62,0.92,-2.44
3101,62,0.32,-2.45
3111,62,-0.25,-2.46
3121,62,-0.8,-2.43
3131,62,-1.35,-2.34
3141,62,-1.88,-2.19
3151,62,-2.42,-2.03
3161,62,-2.95,-1.9
3171,62,-3.52,-1.87
3181,62,-4.13,-1.92
3191,62,-4.74,-2.02
3201,62,-5.34,-2.09
3211,62,-5.93,-2.14
3221,62,-6.49,-2.16
3231,62,-7.04,-2.14
3031,63,-7.19,0.55
3041,63,-6.68,0.55
3051,63,-6.26,0.49
3061,63,-6.05,0.51
3071,63,-6.13,0.75
3081,63,-6.4,1.14
3091,63,-6.61,1.46
3101,63,-6.75,1.7
3111,63,-6.84,1.88
3121,63,-6.88,2.02
3131,63,-6.89,2.14
3141,63,-6.89,2.26
3151,63,-6.9,2.4
3161,63,-6.92,2.58
3171,63,-6.98,2.82
3181,63,-7.09,3.15
3061,64,-7.26,-1.66
3071,64,-6.8,-1.75
3081,64,-6.33,-1.86
3091,64,-5.86,-1.98
3101,64,-5.4,-2.08
3111,64,-4.98,-2.17
3121,64,-4.59,-2.23
3131,64,-4.23,-2.27
3141,64,-3.9,-2.31
3151,64,-3.54,-2.34
3161,64,-3.13,-2.36
3171,64,-2.64,-2.35
3181,64,-2.08,-2.27
3191,64,-1.49,-2.14
3201,64,-0.9,-2.02
3211,64,-0.34,-1.93
3221,64,0.19,-1.88
3231,64,0.71,-1.85
3241,64,1.25,-1.83
3251,64,1.81,-1.82
3261,64,2.38,-1.83
3271,64,2.96,-1.84
3281,64,3.53,-1.87
3291,64,4.11,-1.91
3301,64,4.68,-1.94
3311,64,5.25,-1.97
3321,64,5.81,-1.97
3331,64,6.37,-1.95
3341,64,6.92,-1.89
3351,64,7.46,-1.78
3061,65,-7.18,-2.18
3071,65,-6.69,-2.21
3081,65,-6.22,-2.33
3091,65,-5.75,-2.45
3101,65,-5.27,-2.51
3111,65,-4.78,-2.54
3121,65,-4.28,-2.56
3131,65,-3.79,-2.6
3141,65,-3.31,-2.64
3151,65,-2.85,-2.68
3161,65,-2.44,-2.69
3171,65,-2.04,-2.68
3181,65,-1.63,-2.65
3191,65,-1.17,-2.61
3201,65,-0.67,-2.57
3211,65,-0.14,-2.53
3221,65,0.41,-2.5
3231,65,0.96,-2.48
3241,65,1.51,-2.46
3251,65,2.08,-2.46
3261,65,2.65,-2.47
3271,65,3.23,-2.49
3281,65,3.81,-2.52
3291,65,4.38,-2.55
3301,65,4.94,-2.59
3311,65,5.5,-2.62
3321,65,6.05,-2.64
3331,65,6.59,-2.64
3341,65,7.12,-2.62
3151,66,-7.14,0.75
3161,66,-6.68,0.95
3171,66,-6.28,1.05
3181,66,-5.92,1.11
3191,66,-5.59,1.14
3201,66,-5.24,1.17
3211,66,-4.88,1.19
3221,66,-4.48,1.19
3231,66,-4.05,1.16
3241,66,-3.6,1.11
3251,66,-3.15,1.05
3261,66,-2.69,0.98
3271,66,-2.23,0.93
3281,66,-1.75,0.89
3291,66,-1.24,0.86
3301,66,-0.72,0.84
3311,66,-0.19,0.81
3321,66,0.33,0.75
3331,66,0.85,0.66
3341,66,1.37,0.55
3351,66,1.91,0.46
3361,66,2.46,0.39
3371,66,3.01,0.34
3381,66,3.54,0.33
3391,66,4.05,0.38
3401,66,4.55,0.55
3411,66,5.04,0.85
3421,66,5.51,1.18
3431,66,5.96,1.41
3441,66,6.4,1.51
3451,66,6.83,1.53
3461,66,7.27,1.54
3191,67,-6.39,-6.4
3201,67,-6.53,-5.65
3211,67,-6.55,-4.83
3221,67,-6.46,-4.05
3231,67,-6.3,-3.42
3241,67,-6.08,-3.03
3251,67,-5.74,-2.81
3261,67,-5.24,-2.66
3271,67,-4.65,-2.59
3281,67,-4.03,-2.56
3291,67,-3.46,-2.55
3301,67,-2.91,-2.6
3311,67,-2.35,-2.71
3321,67,-1.84,-2.84
3331,67,-1.41,-2.96
3341,67,-1.04,-3.02
3351,67,-0.63,-3.04
3361,67,-0.19,-2.95
3371,67,0.2,-2.71
3381,67,0.54,-2.45
3391,67,0.83,-2.33
3401,67,1.09,-2.36
3411,67,1.3,-2.4
3421,67,1.46,-2.42
3431,67,1.59,-2.43
3441,67,1.67,-2.42
3451,67,1.72,-2.41
3461,67,1.75,-2.38
3471,67,1.74,-2.35
3481,67,1.72,-2.32
3491,67,1.68,-2.29
3501,67,1.62,-2.26
3511,67,1.56,-2.24
3521,67,1.49,-2.22
3531,67,1.41,-2.22
3541,67,1.34,-2.23
3551,67,1.28,-2.25
3561,67,1.23,-2.3
3571,67,1.19,-2.36
3581,67,1.17,-2.45
3591,67,1.17,-2.57
3601,67,1.22,-2.71
3611,67,1.42,-2.85
3621,67,1.86,-2.97
3631,67,2.48,-3.05
3641,67,3.11,-3.07
3651,67,3.71,-3.04
3661,67,4.29,-2.97
3671,67,4.84,-2.89
3681,67,5.37,-2.8
3691,67,5.89,-2.7
3701,67,6.42,-2.61
3711,67,6.96,-2.53
3211,68,-4.54,-3.7
3221,68,-4.68,-3.29
3231,68,-4.82,-2.89
3241,68,-4.97,-2.46
3251,68,-5.14,-1.97
3261,68,-5.33,-1.49
3271,68,-5.67,-1.07
3281,68,-6.01,-0.65
3291,68,-6.4,-0.34
3301,68,-6.81,-0.07
3311,68,-7.22,0.2
3321,68,-7.62,0.47
3271,69,-7.04,-2.59
3281,69,-6.54,-2.53
3291,69,-6.05,-2.48
3301,69,-5.57,-2.42
3311,69,-5.07,-2.37
3321,69,-4.56,-2.31
3331,69,-4.04,-2.24
3341,69,-3.51,-2.16
3351,69,-2.99,-2.06
3361,69,-2.48,-1.95
3371,69,-1.98,-1.84
3381,69,-1.47,-1.74
3391,69,-0.95,-1.67
3401,69,-0.41,-1.6
3411,69,0.12,-1.54
3421,69,0.65,-1.48
3431,69,1.18,-1.41
3441,69,1.71,-1.36
3451,69,2.25,-1.34
3461,69,2.83,-1.36
3471,69,3.41,-1.41
3481,69,4.0,-1.47
3491,69,4.57,-1.53
3501,69,5.12,-1.58
3511,69,5.67,-1.6
3521,69,6.25,-1.6
3531,69,6.87,-1.58
3271,70,-7.22,-2.96
3281,70,-6.72,-2.93
3291,70,-6.22,-2.87
3301,70,-5.72,-2.79
3311,70,-5.22,-2.71
3321,70,-4.71,-2.64
3331,70,-4.19,-2.61
3341,70,-3.67,-2.59
3351,70,-3.14,-2.58
3361,70,-2.6,-2.56
3371,70,-2.07,-2.51
3381,70,-1.54,-2.42
3391,70,-1.02,-2.31
3401,70,-0.5,-2.17
3411,70,0.02,-2.03
3421,70,0.55,-1.94
3431,70,1.1,-1.91
3441,70,1.66,-1.94
3451,70,2.23,-1.97
3461,70,2.78,-1.97
3471,70,3.33,-1.97
3481,70,3.89,-1.98
3491,70,4.47,-2.01
3501,70,5.06,-2.05
3511,70,5.66,-2.09
3521,70,6.26,-2.11
3531,70,6.84,-2.1
3541,70,7.41,-2.05
3371,71,-7.4,2.37
3381,71,-7.14,2.16
3391,71,-6.87,1.87
3401,71,-6.58,1.53
3411,71,-6.27,1.19
3421,71,-5.94,0.91
3431,71,-5.59,0.7
3441,71,-5.21,0.53
3451,71,-4.81,0.35
3461,71,-4.38,0.13
3471,71,-3.93,-0.1
3481,71,-3.47,-0.27
3491,71,-3.02,-0.37
3501,71,-2.56,-0.43
3511,71,-2.08,-0.5
3521,71,-1.57,-0.6
3531,71,-1.05,-0.72
3541,71,-0.52,-0.85
3551,71,0.02,-0.96
3561,71,0.56,-1.07
3571,71,1.1,-1.16
3581,71,1.64,-1.25
3591,71,2.18,-1.34
3601,71,2.72,-1.43
3611,71,3.26,-1.52
3621,71,3.8,-1.62
3631,71,4.34,-1.71
3641,71,4.88,-1.8
3651,71,5.44,-1.88
3661,71,5.99,-1.94
3671,71,6.54,-1.99
3681,71,7.09,-2.01
3401,72,-7.37,-2.16
3411,72,-6.75,-2.0
3421,72,-6.11,-1.86
3431,72,-5.47,-1.75
3441,72,-4.83,-1.65
3451,72,-4.18,-1.55
3461,72,-3.53,-1.46
3471,72,-2.87,-1.36
3481,72,-2.21,-1.28
3491,72,-1.54,-1.22
3501,72,-0.88,-1.17
3511,72,-0.23,-1.09
3521,72,0.39,-0.99
3531,72,0.98,-0.84
3541,72,1.56,-0.67
3551,72,2.13,-0.49
3561,72,2.69,-0.29
3571,72,3.23,-0.06
3581,72,3.73,0.23
3591,72,4.16,0.6
3601,72,4.52,1.03
3611,72,4.81,1.48
3621,72,5.04,1.93
3631,72,5.21,2.38
3641,72,5.36,2.82
3651,72,5.51,3.27
3661,72,5.66,3.72
3671,72,5.81,4.17
3681,72,5.95,4.6
3691,72,6.08,5.03
3701,72,6.19,5.45
3631,73,7.39,3.09
3641,73,7.16,3.12
3651,73,6.95,3.06
3661,73,6.77,2.91
3671,73,6.61,2.72
3681,73,6.45,2.5
3691,73,6.3,2.28
3701,73,6.14,2.05
3711,73,5.96,1.82
3721,73,5.75,1.57
3731,73,5.47,1.27
3741,73,5.15,0.95
3751,73,4.77,0.63
3761,73,4.37,0.33
3771,73,3.94,0.09
3781,73,3.48,-0.07
3791,73,2.98,-0.14
3801,73,2.46,-0.11
3811,73,1.94,-0.06
3821,73,1.44,-0.03
3831,73,0.95,-0.03
3841,73,0.46,-0.03
3851,73,-0.07,-0.0
3991,73,-7.19,0.71
3991,74,-7.35,-1.49
4001,74,-6.76,-1.44
4011,74,-6.2,-1.4
4021,74,-5.66,-1.38
4031,74,-5.13,-1.37
4041,74,-4.61,-1.37
4051,74,-4.08,-1.36
4061,74,-3.53,-1.36
4071,74,-2.97,-1.34
4081,74,-2.39,-1.33
4091,74,-1.8,-1.32
4101,74,-1.19,-1.31
4111,74,-0.57,-1.29
4121,74,0.05,-1.27
4131,74,0.65,-1.22
4141,74,1.23,-1.15
4151,74,1.78,-1.04
4161,74,2.32,-0.91
4171,74,2.84,-0.77
4181,74,3.36,-0.61
4191,74,3.88,-0.46
4201,74,4.4,-0.31
4211,74,4.92,-0.19
4221,74,5.43,-0.1
4231,74,5.95,-0.07
4241,74,6.47,-0.1
4251,74,6.99,-0.21
4261,74,7.51,-0.4
4041,75,7.11,1.14
4051,75,6.75,1.1
4061,75,6.41,1.07
4071,75,6.08,1.04
4081,75,5.76,0.99
4091,75,5.44,0.91
4101,75,5.11,0.78
4111,75,4.77,0.62
4121,75,4.43,0.45
4131,75,4.1,0.3
4141,75,3.78,0.18
4151,75,3.46,0.1
4161,75,3.13,0.1
4171,75,2.81,0.15
4181,75,2.48,0.22
4191,75,2.16,0.3
4201,75,1.83,0.36
4211,75,1.5,0.41
4221,75,1.16,0.45
4231,75,0.81,0.48
4241,75,0.47,0.49
4251,75,0.15,0.48
4261,75,-0.15,0.44
4271,75,-0.44,0.37
4281,75,-0.74,0.3
4291,75,-1.06,0.23
4301,75,-1.4,0.17
4311,75,-1.74,0.14
4321,75,-2.07,0.15
4331,75,-2.4,0.19
4341,75,-2.72,0.24
4351,75,-3.07,0.27
4361,75,-3.43,0.28
4371,75,-3.8,0.28
4381,75,-4.18,0.27
4391,75,-4.55,0.26
4401,75,-4.9,0.25
4411,75,-5.25,0.25
4421,75,-5.58,0.25
4431,75,-5.91,0.24
4441,75,-6.23,0.23
4451,75,-6.55,0.22
4461,75,-6.86,0.2
4471,75,-7.17,0.17
4481,75,-7.49,0.12
4121,76,7.25,-2.08
4131,76,6.62,-2.13
4141,76,6.01,-2.16
4151,76,5.4,-2.18
4161,76,4.8,-2.18
4171,76,4.2,-2.18
4181,76,3.6,-2.17
4191,76,3.0,-2.17
4201,76,2.39,-2.17
4211,76,1.77,-2.14
4221,76,1.12,-2.08
4231,76,0.47,-2.01
4241,76,-0.16,-1.95
4251,76,-0.76,-1.92
4261,76,-1.33,-1.92
4271,76,-1.9,-1.93
4281,76,-2.49,-1.96
4291,76,-3.09,-2.0
4301,76,-3.69,-2.03
4311,76,-4.28,-2.06
4321,76,-4.85,-2.07
4331,76,-5.41,-2.07
4341,76,-5.96,-2.08
4351,76,-6.5,-2.1
4361,76,-7.04,-2.14
4121,77,7.19,-2.84
4131,77,6.58,-2.84
4141,77,6.01,-2.84
4151,77,5.45,-2.85
4161,77,4.88,-2.86
4171,77,4.3,-2.88
4181,77,3.67,-2.91
4191,77,3.01,-2.92
4201,77,2.33,-2.92
4211,77,1.67,-2.87
4221,77,1.03,-2.78
4231,77,0.42,-2.68
4241,77,-0.18,-2.61
4251,77,-0.76,-2.59
4261,77,-1.34,-2.6
4271,77,-1.93,-2.62
4281,77,-2.53,-2.63
4291,77,-3.15,-2.63
4301,77,-3.78,-2.61
4311,77,-4.39,-2.61
4321,77,-4.98,-2.61
4331,77,-5.56,-2.62
4341,77,-6.11,-2.64
4351,77,-6.65,-2.67
4361,77,-7.19,-2.7
4191,78,7.36,-1.09
4201,78,6.88,-1.14
4211,78,6.36,-1.17
4221,78,5.83,-1.17
4231,78,5.29,-1.15
4241,78,4.76,-1.09
4251,78,4.26,-1.0
4261,78,3.79,-0.88
4271,78,3.32,-0.74
4281,78,2.85,-0.6
4291,78,2.39,-0.46
4301,78,1.92,-0.33
4311,78,1.47,-0.2
4321,78,1.04,-0.09
4331,78,0.61,0.02
4341,78,0.17,0.12
4351,78,-0.29,0.22
4361,78,-0.77,0.33
4371,78,-1.25,0.44
4381,78,-1.7,0.53
4391,78,-2.11,0.62
4401,78,-2.51,0.69
4411,78,-2.9,0.76
4421,78,-3.32,0.83
4431,78,-3.77,0.91
4441,78,-4.23,0.98
4451,78,-4.66,1.04
4461,78,-5.06,1.09
4471,78,-5.44,1.15
4481,78,-5.8,1.22
4491,78,-6.15,1.31
4501,78,-6.48,1.41
4511,78,-6.8,1.54
4521,78,-7.08,1.67
4531,78,-7.33,1.82
4541,78,-7.52,1.98
4201,79,7.02,-1.94
4211,79,6.47,-1.91
4221,79,5.92,-1.86
4231,79,5.39,-1.8
4241,79,4.86,-1.73
4251,79,4.33,-1.66
4261,79,3.8,-1.6
4271,79,3.27,-1.55
4281,79,2.76,-1.49
4291,79,2.28,-1.42
4301,79,1.83,-1.32
4311,79,1.38,-1.21
4321,79,0.91,-1.1
4331,79,0.43,-0.99
4341,79,-0.07,-0.89
4351,79,-0.56,-0.79
4361,79,-1.03,-0.69
4371,79,-1.48,-0.6
4381,79,-1.92,-0.49
4391,79,-2.35,-0.35
4401,79,-2.78,-0.2
4411,79,-3.2,-0.04
4421,79,-3.61,0.1
4431,79,-3.99,0.19
4441,79,-4.37,0.27
4451,79,-4.74,0.35
4461,79,-5.13,0.44
4471,79,-5.52,0.56
4481,79,-5.93,0.68
4491,79,-6.33,0.8
4501,79,-6.72,0.92
4511,79,-7.08,1.05
4521,79,-7.41,1.18
4251,80,7.29,-2.06
4261,80,6.78,-2.02
4271,80,6.25,-1.92
4281,80,5.7,-1.78
4291,80,5.13,-1.6
4301,80,4.55,-1.41
4311,80,3.96,-1.21
4321,80,3.37,-1.01
4331,80,2.81,-0.8
4341,80,2.27,-0.57
4351,80,1.77,-0.31
4361,80,1.29,-0.02
4371,80,0.85,0.28
4381,80,0.4,0.57
4391,80,-0.07,0.84
4401,80,-0.57,1.04
4411,80,-1.04,1.18
4421,80,-1.47,1.27
4431,80,-1.92,1.32
4441,80,-2.43,1.33
4451,80,-2.96,1.32
4461,80,-3.45,1.31
4471,80,-3.86,1.32
4481,80,-4.21,1.33
4491,80,-4.52,1.34
4501,80,-4.8,1.34
4511,80,-5.07,1.33
4521,80,-5.36,1.3
4531,80,-5.68,1.25
4541,80,-6.03,1.17
4551,80,-6.39,1.09
4561,80,-6.76,0.98
4571,80,-7.11,0.88
4581,80,-7.44,0.76
4291,81,7.33,-1.23
4301,81,6.85,-1.13
4311,81,6.37,-1.02
4321,81,5.91,-0.92
4331,81,5.44,-0.81
4341,81,4.98,-0.69
4351,81,4.53,-0.56
4361,81,4.07,-0.42
4371,81,3.62,-0.28
4381,81,3.18,-0.15
4391,81,2.75,-0.03
4401,81,2.33,0.08
4411,81,1.91,0.17
4421,81,1.49,0.26
4431,81,1.07,0.34
4441,81,0.65,0.42
4451,81,0.23,0.49
4461,81,-0.19,0.55
4471,81,-0.61,0.62
4481,81,-1.02,0.69
4491,81,-1.43,0.78
4501,81,-1.83,0.88
4511,81,-2.22,0.99
4521,81,-2.6,1.09
4531,81,-2.96,1.17
4541,81,-3.31,1.22
4551,81,-3.64,1.23
4561,81,-3.95,1.24
4571,81,-4.25,1.24
4581,81,-4.53,1.25
4591,81,-4.8,1.27
4601,81,-5.07,1.3
4611,81,-5.36,1.32
4621,81,-5.65,1.35
4631,81,-5.95,1.4
4641,81,-6.25,1.49
4651,81,-6.53,1.65
4661,81,-6.8,1.85
4671,81,-7.04,2.08
4681,81,-7.24,2.33
4691,81,-7.39,2.57
4701,81,-7.5,2.79
4311,82,7.14,-1.85
4321,82,6.64,-1.79
4331,82,6.15,-1.71
4341,82,5.64,-1.61
4351,82,5.14,-1.5
4361,82,4.62,-1.39
4371,82,4.1,-1.28
4381,82,3.59,-1.18
4391,82,3.1,-1.11
4401,82,2.64,-1.06
4411,82,2.22,-1.0
4421,82,1.81,-0.91
4431,82,1.41,-0.77
4441,82,1.01,-0.59
4451,82,0.62,-0.42
4461,82,0.22,-0.28
4471,82,-0.18,-0.18
4481,82,-0.57,-0.1
4491,82,-0.93,0.01
4501,82,-1.26,0.13
4511,82,-1.58,0.27
4521,82,-1.89,0.41
4531,82,-2.21,0.52
4541,82,-2.53,0.63
4551,82,-2.86,0.72
4561,82,-3.18,0.82
4571,82,-3.5,0.91
4581,82,-3.81,1.0
4591,82,-4.11,1.05
4601,82,-4.39,1.06
4611,82,-4.66,1.05
4621,82,-4.9,1.05
4631,82,-5.13,1.07
4641,82,-5.37,1.1
4651,82,-5.64,1.12
4661,82,-5.96,1.13
4671,82,-6.32,1.14
4681,82,-6.68,1.18
4691,82,-7.03,1.3
4701,82,-7.33,1.5
4311,83,7.43,-1.34
4321,83,6.97,-1.2
4331,83,6.48,-1.13
4341,83,5.98,-1.09
4351,83,5.48,-1.07
4361,83,5.0,-1.03
4371,83,4.54,-0.96
4381,83,4.11,-0.82
4391,83,3.71,-0.63
4401,83,3.31,-0.42
4411,83,2.9,-0.21
4421,83,2.48,-0.02
4431,83,2.06,0.15
4441,83,1.64,0.27
4451,83,1.24,0.35
4461,83,0.84,0.42
4471,83,0.42,0.48
4481,83,-0.02,0.56
4491,83,-0.47,0.64
4501,83,-0.9,0.74
4511,83,-1.28,0.82
4521,83,-1.62,0.9
4531,83,-1.94,0.97
4541,83,-2.26,1.04
4551,83,-2.59,1.11
4561,83,-2.94,1.18
4571,83,-3.29,1.25
4581,83,-3.63,1.31
4591,83,-3.93,1.37
4601,83,-4.19,1.42
4611,83,-4.45,1.46
4621,83,-4.71,1.5
4631,83,-4.98,1.54
4641,83,-5.26,1.57
4651,83,-5.56,1.6
4661,83,-5.86,1.62
4671,83,-6.16,1.65
4681,83,-6.43,1.72
4691,83,-6.67,1.83
4701,83,-6.86,1.99
4711,83,-7.0,2.18
4721,83,-7.12,2.38
4731,83,-7.22,2.58
4741,83,-7.33,2.77
4751,83,-7.46,2.94
4511,84,-7.15,-1.68
4521,84,-6.67,-1.7
4531,84,-6.2,-1.7
4541,84,-5.71,-1.69
4551,84,-5.23,-1.68
4561,84,-4.73,-1.68
4571,84,-4.22,-1.7
4581,84,-3.7,-1.75
4591,84,-3.18,-1.79
4601,84,-2.65,-1.81
4611,84,-2.13,-1.76
4621,84,-1.62,-1.66
4631,84,-1.11,-1.52
4641,84,-0.6,-1.37
4651,84,-0.09,-1.24
4661,84,0.42,-1.14
4671,84,0.94,-1.06
4681,84,1.45,-1.0
4691,84,1.96,-0.96
4701,84,2.47,-0.92
4711,84,2.99,-0.88
4721,84,3.51,-0.82
4731,84,4.03,-0.74
4741,84,4.56,-0.65
4751,84,5.09,-0.57
4761,84,5.62,-0.51
4771,84,6.13,-0.49
4781,84,6.63,-0.52
4791,84,7.11,-0.61
4511,85,-7.45,2.86
4521,85,-7.4,2.77
4531,85,-7.33,2.67
4541,85,-7.26,2.54
4551,85,-7.18,2.4
4561,85,-7.1,2.24
4571,85,-7.02,2.06
4581,85,-6.95,1.85
4591,85,-6.89,1.61
4601,85,-6.85,1.38
4611,85,-6.84,1.17
4621,85,-6.87,0.99
4631,85,-6.94,0.83
4641,85,-7.07,0.69
4651,85,-7.27,0.56
4701,86,7.21,1.26
4711,86,6.71,1.18
4721,86,6.23,1.06
4731,86,5.75,0.91
4741,86,5.27,0.76
4751,86,4.79,0.6
4761,86,4.29,0.46
4771,86,3.77,0.36
4781,86,3.22,0.33
4791,86,2.67,0.36
4801,86,2.15,0.43
4811,86,1.68,0.52
4821,86,1.22,0.63
4831,86,0.77,0.75
4841,86,0.3,0.87
4851,86,-0.17,0.99
4861,86,-0.66,1.09
4871,86,-1.14,1.18
4881,86,-1.62,1.25
4891,86,-2.08,1.3
4901,86,-2.52,1.32
4911,86,-2.95,1.32
4921,86,-3.4,1.31
4931,86,-3.88,1.3
4941,86,-4.37,1.29
4951,86,-4.87,1.29
4961,86,-5.34,1.3
4971,86,-5.79,1.34
4981,86,-6.2,1.42
4991,86,-6.57,1.57
5001,86,-6.89,1.79
5011,86,-7.15,2.05
5021,86,-7.35,2.34
5031,86,-7.49,2.63
5041,86,-7.56,2.9
5051,86,-7.55,3.13
4791,87,6.93,-1.5
4801,87,6.29,-1.48
4811,87,5.65,-1.43
4821,87,5.01,-1.36
4831,87,4.38,-1.28
4841,87,3.76,-1.22
4851,87,3.16,-1.19
4861,87,2.58,-1.19
4871,87,2.01,-1.21
4881,87,1.44,-1.22
4891,87,0.87,-1.21
4901,87,0.28,-1.18
4911,87,-0.31,-1.14
4921,87,-0.89,-1.12
4931,87,-1.47,-1.13
4941,87,-2.03,-1.16
4951,87,-2.59,-1.19
4961,87,-3.16,-1.19
4971,87,-3.74,-1.16
4981,87,-4.32,-1.1
4991,87,-4.91,-1.05
5001,87,-5.51,-1.01
5011,87,-6.1,-1.02
5021,87,-6.7,-1.07
5031,87,-7.3,-1.21
4861,88,-7.25,-2.77
4871,88,-6.83,-2.87
4881,88,-6.45,-2.91
4891,88,-6.07,-2.91
4901,88,-5.7,-2.89
4911,88,-5.31,-2.86
4921,88,-4.9,-2.83
4931,88,-4.44,-2.8
4941,88,-3.96,-2.8
4951,88,-3.48,-2.81
4961,88,-3.02,-2.84
4971,88,-2.59,-2.88
4981,88,-2.15,-2.91
4991,88,-1.69,-2.91
5001,88,-1.21,-2.87
5011,88,-0.7,-2.81
5021,88,-0.19,-2.76
5031,88,0.32,-2.75
5041,88,0.81,-2.78
5051,88,1.31,-2.84
5061,88,1.81,-2.91
5071,88,2.31,-2.96
5081,88,2.82,-3.0
5091,88,3.34,-3.02
5101,88,3.85,-3.03
5111,88,4.35,-3.04
5121,88,4.84,-3.04
5131,88,5.32,-3.05
5141,88,5.79,-3.06
5151,88,6.27,-3.06
5161,88,6.76,-3.07
5171,88,7.26,-3.08
4871,89,-7.3,-1.43
4881,89,-6.8,-1.39
4891,89,-6.34,-1.34
4901,89,-5.9,-1.3
4911,89,-5.47,-1.29
4921,89,-5.04,-1.3
4931,89,-4.62,-1.35
4941,89,-4.19,-1.46
4951,89,-3.79,-1.6
4961,89,-3.43,-1.74
4971,89,-3.05,-1.79
4981,89,-2.62,-1.72
4991,89,-2.11,-1.62
5001,89,-1.54,-1.56
5011,89,-0.95,-1.53
5021,89,-0.39,-1.54
5031,89,0.13,-1.56
5041,89,0.62,-1.59
5051,89,1.09,-1.63
5061,89,1.55,-1.66
5071,89,2.02,-1.69
5081,89,2.49,-1.71
5091,89,2.95,-1.73
5101,89,3.43,-1.74
5111,89,3.91,-1.74
5121,89,4.4,-1.72
5131,89,4.91,-1.69
5141,89,5.44,-1.65
5151,89,5.95,-1.61
5161,89,6.46,-1.56
5171,89,6.94,-1.53
5181,89,7.38,-1.51
4871,90,-7.27,-2.14
4881,90,-6.85,-2.11
4891,90,-6.43,-2.09
4901,90,-6.01,-2.08
4911,90,-5.58,-2.08
4921,90,-5.16,-2.09
4931,90,-4.72,-2.12
4941,90,-4.28,-2.16
4951,90,-3.83,-2.21
4961,90,-3.37,-2.26
4971,90,-2.9,-2.29
4981,90,-2.42,-2.31
4991,90,-1.95,-2.3
5001,90,-1.47,-2.29
5011,90,-0.98,-2.26
5021,90,-0.5,-2.23
5031,90,-0.01,-2.2
5041,90,0.48,-2.18
5051,90,0.97,-2.17
5061,90,1.46,-2.18
5071,90,1.96,-2.2
5081,90,2.44,-2.23
5091,90,2.92,-2.26
5101,90,3.39,-2.29
5111,90,3.86,-2.31
5121,90,4.33,-2.32
5131,90,4.81,-2.31
5141,90,5.29,-2.28
5151,90,5.77,-2.24
5161,90,6.25,-2.19
5171,90,6.72,-2.15
5181,90,7.19,-2.1
4881,91,-7.19,-0.28
4891,91,-6.63,-0.25
4901,91,-6.06,-0.2
4911,91,-5.48,-0.15
4921,91,-4.91,-0.1
4931,91,-4.34,-0.05
4941,91,-3.77,-0.02
4951,91,-3.21,-0.0
4961,91,-2.64,-0.01
4971,91,-2.05,-0.04
4981,91,-1.45,-0.1
4991,91,-0.83,-0.18
5001,91,-0.22,-0.28
5011,91,0.36,-0.39
5021,91,0.91,-0.51
5031,91,1.45,-0.66
5041,91,1.99,-0.84
5051,91,2.55,-1.07
5061,91,3.11,-1.32
5071,91,3.67,-1.55
5081,91,4.23,-1.74
5091,91,4.82,-1.9
5101,91,5.47,-2.01
5111,91,6.14,-2.06
5121,91,6.79,-2.03
5131,91,7.39,-1.9
4911,92,-7.36,-2.18
4921,92,-6.82,-2.14
4931,92,-6.31,-2.13
4941,92,-5.81,-2.14
4951,92,-5.31,-2.16
4961,92,-4.82,-2.17
4971,92,-4.32,-2.17
4981,92,-3.83,-2.15
4991,92,-3.33,-2.12
5001,92,-2.82,-2.08
5011,92,-2.31,-2.05
5021,92,-1.79,-2.03
5031,92,-1.28,-2.04
5041,92,-0.77,-2.07
5051,92,-0.28,-2.13
5061,92,0.2,-2.22
5071,92,0.67,-2.31
5081,92,1.13,-2.37
5091,92,1.59,-2.38
5101,92,2.06,-2.36
5111,92,2.52,-2.31
5121,92,2.99,-2.22
5131,92,3.47,-2.13
5141,92,3.95,-2.02
5151,92,4.45,-1.91
5161,92,4.95,-1.79
5171,92,5.46,-1.68
5181,92,5.96,-1.58
5191,92,6.46,-1.49
5201,92,6.96,-1.42
5211,92,7.44,-1.37
4941,93,7.33,2.22
4951,93,7.11,2.19
4961,93,6.85,2.13
4971,93,6.59,2.04
4981,93,6.32,1.91
4991,93,6.09,1.75
5001,93,5.9,1.56
5011,93,5.72,1.33
5021,93,5.53,1.08
5031,93,5.29,0.83
5041,93,4.98,0.59
5051,93,4.65,0.39
5061,93,4.32,0.25
5071,93,3.99,0.17
5081,93,3.63,0.14
5091,93,3.27,0.15
5101,93,2.93,0.16
5111,93,2.63,0.17
5121,93,2.36,0.15
5131,93,2.11,0.13
5141,93,1.87,0.11
5151,93,1.62,0.11
5161,93,1.34,0.13
5171,93,1.04,0.18
5181,93,0.71,0.25
5191,93,0.39,0.31
5201,93,0.08,0.36
5211,93,-0.2,0.38
5221,93,-0.47,0.37
5231,93,-0.73,0.34
5241,93,-1.0,0.31
5251,93,-1.28,0.27
5261,93,-1.6,0.24
5271,93,-1.94,0.21
5281,93,-2.29,0.18
5291,93,-2.63,0.13
5301,93,-2.96,0.05
5311,93,-3.29,-0.04
5321,93,-3.61,-0.13
5331,93,-3.93,-0.23
5341,93,-4.28,-0.31
5351,93,-4.63,-0.38
5361,93,-4.98,-0.45
5371,93,-5.34,-0.52
5381,93,-5.7,-0.59
5391,93,-6.05,-0.66
5401,93,-6.4,-0.73
5411,93,-6.74,-0.82
5421,93,-7.06,-0.91
5431,93,-7.36,-1.02
5021,94,7.16,-1.49
5031,94,6.54,-1.51
5041,94,5.97,-1.51
5051,94,5.42,-1.49
5061,94,4.89,-1.43
5071,94,4.35,-1.33
5081,94,3.8,-1.2
5091,94,3.2,-1.13
5101,94,2.57,-1.16
5111,94,1.93,-1.24
5121,94,1.31,-1.34
5131,94,0.69,-1.43
5141,94,0.09,-1.5
5151,94,-0.52,-1.53
5161,94,-1.12,-1.56
5171,94,-1.74,-1.59
5181,94,-2.37,-1.61
5191,94,-2.98,-1.59
5201,94,-3.56,-1.5
5211,94,-4.11,-1.34
5221,94,-4.64,-1.18
5231,94,-5.17,-1.09
5241,94,-5.72,-1.09
5251,94,-6.29,-1.17
5261,94,-6.88,-1.3
5271,94,-7.48,-1.45
5141,95,-7.44,1.05
5151,95,-7.16,1.07
5161,95,-6.88,1.1
5171,95,-6.62,1.14
5181,95,-6.36,1.2
5191,95,-6.12,1.27
5201,95,-5.89,1.34
5211,95,-5.67,1.41
5221,95,-5.47,1.48
5231,95,-5.29,1.54
5241,95,-5.12,1.59
5251,95,-4.96,1.64
5261,95,-4.81,1.67
5271,95,-4.67,1.71
5281,95,-4.53,1.74
5291,95,-4.38,1.77
5301,95,-4.23,1.81
5311,95,-4.06,1.83
5321,95,-3.88,1.84
5331,95,-3.69,1.83
5341,95,-3.48,1.82
5351,95,-3.28,1.79
5361,95,-3.08,1.77
5371,95,-2.91,1.76
5381,95,-2.75,1.76
5391,95,-2.59,1.76
5401,95,-2.44,1.75
5411,95,-2.27,1.74
5421,95,-2.09,1.72
5431,95,-1.92,1.7
5441,95,-1.75,1.68
5451,95,-1.62,1.67
5461,95,-1.54,1.67
5471,95,-1.52,1.69
5481,95,-1.56,1.73
5491,95,-1.64,1.77
5501,95,-1.76,1.79
5511,95,-1.9,1.79
5521,95,-2.05,1.75
5531,95,-2.21,1.71
5541,95,-2.37,1.67
5551,95,-2.53,1.65
5561,95,-2.67,1.66
5571,95,-2.81,1.69
5581,95,-2.95,1.74
5591,95,-3.08,1.8
5601,95,-3.22,1.84
5611,95,-3.36,1.87
5621,95,-3.51,1.87
5631,95,-3.67,1.86
5641,95,-3.83,1.82
5651,95,-3.99,1.78
5661,95,-4.16,1.72
5671,95,-4.32,1.66
5681,95,-4.47,1.6
5691,95,-4.63,1.54
5701,95,-4.78,1.49
5711,95,-4.93,1.44
5721,95,-5.08,1.4
5731,95,-5.23,1.37
5741,95,-5.38,1.34
5751,95,-5.53,1.33
5761,95,-5.68,1.33
5771,95,-5.83,1.33
5781,95,-6.0,1.33
5791,95,-6.16,1.34
5801,95,-6.33,1.35
5811,95,-6.49,1.36
5821,95,-6.64,1.37
5831,95,-6.77,1.36
5841,95,-6.86,1.35
5851,95,-6.92,1.33
5861,95,-6.92,1.3
5871,95,-6.89,1.26
5881,95,-6.82,1.21
5891,95,-6.72,1.17
5901,95,-6.6,1.14
5911,95,-6.46,1.11
5921,95,-6.31,1.1
5931,95,-6.15,1.11
6021,95,-4.42,1.43
6031,95,-4.28,1.45
6041,95,-4.13,1.47
6051,95,-3.98,1.48
6061,95,-3.82,1.49
6071,95,-3.64,1.49
6081,95,-3.46,1.49
6091,95,-3.28,1.49
6101,95,-3.09,1.48
6111,95,-2.9,1.47
6121,95,-2.72,1.46
6131,95,-2.55,1.45
6141,95,-2.39,1.45
6151,95,-2.26,1.45
6161,95,-2.15,1.47
6171,95,-2.07,1.5
6181,95,-2.01,1.53
6191,95,-1.97,1.56
6201,95,-1.94,1.59
6211,95,-1.92,1.6
6221,95,-1.92,1.61
6231,95,-1.93,1.61
6241,95,-1.95,1.61
6251,95,-1.99,1.6
6261,95,-2.05,1.6
6271,95,-2.12,1.59
6281,95,-2.21,1.59
6291,95,-2.33,1.6
6301,95,-2.46,1.61
6311,95,-2.61,1.63
6321,95,-2.77,1.65
6331,95,-2.94,1.66
6341,95,-3.11,1.67
6351,95,-3.27,1.67
6361,95,-3.43,1.66
6371,95,-3.58,1.63
6381,95,-3.74,1.61
6391,95,-3.89,1.58
6401,95,-4.06,1.56
6411,95,-4.23,1.54
6421,95,-4.39,1.53
6431,95,-4.54,1.53
6441,95,-4.64,1.54
6451,95,-4.7,1.57
6461,95,-4.7,1.62
6471,95,-4.63,1.67
6481,95,-4.54,1.72
6491,95,-4.41,1.76
6501,95,-4.29,1.78
6511,95,-4.15,1.78
6521,95,-4.02,1.76
6531,95,-3.88,1.73
6541,95,-3.74,1.67
6551,95,-3.6,1.6
6561,95,-3.45,1.53
6571,95,-3.32,1.44
6581,95,-3.19,1.36
6591,95,-3.08,1.27
6601,95,-2.98,1.2
6611,95,-2.9,1.14
6621,95,-2.83,1.08
6631,95,-2.78,1.03
6641,95,-2.74,0.99
6651,95,-2.71,0.96
6661,95,-2.7,0.93
6671,95,-2.7,0.91
6681,95,-2.7,0.89
6691,95,-2.72,0.88
6701,95,-2.74,0.87
6711,95,-2.77,0.87
6721,95,-2.81,0.88
6731,95,-2.85,0.88
6741,95,-2.89,0.89
6751,95,-2.94,0.9
6761,95,-3.0,0.92
6771,95,-3.05,0.94
6781,95,-3.1,0.95
6791,95,-3.16,0.97
6801,95,-3.21,0.99
6811,95,-3.26,1.01
6821,95,-3.31,1.03
6831,95,-3.35,1.05
6841,95,-3.39,1.07
6851,95,-3.42,1.09
6861,95,-3.45,1.1
6871,95,-3.47,1.11
6881,95,-3.48,1.12
6891,95,-3.5,1.13
6901,95,-3.5,1.14
6911,95,-3.5,1.15
6921,95,-3.5,1.16
6931,95,-3.49,1.16
6941,95,-3.49,1.17
6951,95,-3.47,1.17
6961,95,-3.46,1.17
6971,95,-3.44,1.18
6981,95,-3.42,1.18
6991,95,-3.4,1.18
7001,95,-3.38,1.18
7011,95,-3.35,1.18
7021,95,-3.33,1.18
7031,95,-3.3,1.18
7041,95,-3.28,1.17
7051,95,-3.25,1.17
7061,95,-3.23,1.17
7071,95,-3.2,1.17
7081,95,-3.18,1.17
7091,95,-3.16,1.17
7101,95,-3.14,1.17
7111,95,-3.12,1.17
7121,95,-3.11,1.17
7131,95,-3.1,1.17
7141,95,-3.09,1.17
7151,95,-3.08,1.17
7161,95,-3.08,1.17
7171,95,-3.08,1.18
7181,95,-3.09,1.18
7191,95,-3.1,1.19
7201,95,-3.12,1.19
7211,95,-3.14,1.2
7221,95,-3.17,1.21
7231,95,-3.2,1.22
7241,95,-3.24,1.23
7251,95,-3.29,1.25
7261,95,-3.34,1.26
7271,95,-3.4,1.28
7281,95,-3.47,1.3
7291,95,-3.55,1.32
7301,95,-3.63,1.34
7311,95,-3.73,1.36
7321,95,-3.82,1.39
7331,95,-3.92,1.41
7341,95,-4.01,1.42
7351,95,-4.1,1.43
7361,95,-4.17,1.43
7371,95,-4.24,1.43
7381,95,-4.29,1.42
7391,95,-4.32,1.4
7401,95,-4.35,1.39
7411,95,-4.36,1.38
7421,95,-4.37,1.37
7431,95,-4.36,1.37
7441,95,-4.34,1.37
7451,95,-4.32,1.39
7461,95,-4.28,1.42
7471,95,-4.23,1.47
7481,95,-4.18,1.54
7491,95,-4.12,1.62
5181,96,6.2,5.29
5191,96,6.14,4.83
5201,96,6.06,4.35
5211,96,5.96,3.86
5221,96,5.84,3.4
5231,96,5.71,2.97
5241,96,5.56,2.57
5251,96,5.39,2.19
5261,96,5.19,1.79
5271,96,4.95,1.39
5281,96,4.65,1.01
5291,96,4.29,0.71
5301,96,3.86,0.51
5311,96,3.36,0.46
5321,96,2.8,0.52
5331,96,2.25,0.59
5341,96,1.72,0.62
5351,96,1.18,0.62
5361,96,0.63,0.63
5371,96,0.06,0.65
5381,96,-0.53,0.7
5391,96,-1.1,0.75
5401,96,-1.66,0.81
5411,96,-2.22,0.87
5421,96,-2.77,0.9
5431,96,-3.31,0.93
5441,96,-3.85,0.96
5451,96,-4.36,1.04
5461,96,-4.85,1.16
5471,96,-5.32,1.32
5481,96,-5.75,1.49
5491,96,-6.16,1.66
5501,96,-6.52,1.84
5511,96,-6.83,2.03
5521,96,-7.1,2.22
5531,96,-7.31,2.41
5541,96,-7.45,2.62
5201,97,-7.21,-1.51
5211,97,-6.71,-1.59
5221,97,-6.23,-1.68
5231,97,-5.75,-1.77
5241,97,-5.27,-1.84
5251,97,-4.76,-1.87
5261,97,-4.22,-1.85
5271,97,-3.66,-1.82
5281,97,-3.1,-1.79
5291,97,-2.55,-1.79
5301,97,-2.02,-1.82
5311,97,-1.48,-1.87
5321,97,-0.93,-1.92
5331,97,-0.37,-1.97
5341,97,0.2,-2.0
5351,97,0.78,-2.01
5361,97,1.36,-1.98
5371,97,1.94,-1.93
5381,97,2.53,-1.89
5391,97,3.12,-1.89
5401,97,3.7,-1.92
5411,97,4.28,-1.98
5421,97,4.86,-2.04
5431,97,5.43,-2.11
5441,97,6.0,-2.16
5451,97,6.55,-2.2
5461,97,7.09,-2.2
5201,98,-7.23,-2.28
5211,98,-6.8,-2.31
5221,98,-6.34,-2.36
5231,98,-5.85,-2.41
5241,98,-5.35,-2.47
5251,98,-4.83,-2.53
5261,98,-4.3,-2.59
5271,98,-3.76,-2.64
5281,98,-3.22,-2.68
5291,98,-2.67,-2.71
5301,98,-2.13,-2.74
5311,98,-1.6,-2.77
5321,98,-1.07,-2.78
5331,98,-0.54,-2.79
5341,98,0.0,-2.77
5351,98,0.55,-2.73
5361,98,1.11,-2.68
5371,98,1.67,-2.63
5381,98,2.23,-2.6
5391,98,2.78,-2.59
5401,98,3.33,-2.59
5411,98,3.88,-2.61
5421,98,4.43,-2.64
5431,98,4.99,-2.66
5441,98,5.56,-2.69
5451,98,6.13,-2.72
5461,98,6.7,-2.75
5471,98,7.28,-2.78
5361,99,-7.38,-1.66
5371,99,-6.79,-1.62
5381,99,-6.19,-1.56
5391,99,-5.59,-1.5
5401,99,-5.0,-1.46
5411,99,-4.4,-1.44
5421,99,-3.82,-1.44
5431,99,-3.24,-1.46
5441,99,-2.65,-1.48
5451,99,-2.04,-1.46
5461,99,-1.39,-1.39
5471,99,-0.73,-1.27
5481,99,-0.06,-1.14
5491,99,0.57,-1.01
5501,99,1.18,-0.88
5511,99,1.78,-0.76
5521,99,2.36,-0.62
5531,99,2.94,-0.5
5541,99,3.52,-0.39
5551,99,4.11,-0.33
5561,99,4.72,-0.32
5571,99,5.34,-0.36
5581,99,5.96,-0.45
5591,99,6.57,-0.59
5601,99,7.15,-0.76
5411,100,-7.47,2.13
5421,100,-7.23,1.83
5431,100,-6.92,1.54
5441,100,-6.55,1.26
5451,100,-6.15,1.0
5461,100,-5.75,0.78
5471,100,-5.36,0.6
5481,100,-4.98,0.45
5491,100,-4.59,0.32
5501,100,-4.18,0.2
5511,100,-3.75,0.08
5521,100,-3.33,-0.04
5531,100,-2.94,-0.14
5541,100,-2.6,-0.24
5551,100,-2.31,-0.31
5561,100,-2.02,-0.38
5571,100,-1.74,-0.42
5581,100,-1.44,-0.46
5591,100,-1.13,-0.49
5601,100,-0.8,-0.51
5611,100,-0.44,-0.54
5621,100,-0.07,-0.57
5631,100,0.31,-0.6
5641,100,0.72,-0.63
5651,100,1.13,-0.68
5661,100,1.55,-0.72
5671,100,1.98,-0.76
5681,100,2.41,-0.8
5691,100,2.85,-0.84
5701,100,3.33,-0.88
5711,100,3.82,-0.91
5721,100,4.35,-0.95
5731,100,4.9,-1.01
5741,100,5.46,-1.09
5751,100,6.01,-1.16
5761,100,6.55,-1.21
5771,100,7.06,-1.21
5441,101,-7.21,0.74
5451,101,-6.78,0.51
5461,101,-6.38,0.3
5471,101,-5.98,0.1
5481,101,-5.59,-0.09
5491,101,-5.2,-0.28
5501,101,-4.79,-0.48
5511,101,-4.36,-0.69
5521,101,-3.92,-0.9
5531,101,-3.47,-1.08
5541,101,-3.03,-1.21
5551,101,-2.59,-1.29
5561,101,-2.16,-1.34
5571,101,-1.74,-1.36
5581,101,-1.34,-1.37
5591,101,-0.95,-1.35
5601,101,-0.58,-1.32
5611,101,-0.23,-1.27
5621,101,0.11,-1.21
5631,101,0.44,-1.15
5641,101,0.8,-1.11
5651,101,1.17,-1.11
5661,101,1.57,-1.13
5671,101,2.0,-1.18
5681,101,2.44,-1.26
5691,101,2.89,-1.35
5701,101,3.36,-1.45
5711,101,3.84,-1.53
5721,101,4.32,-1.61
5731,101,4.81,-1.67
5741,101,5.31,-1.73
5751,101,5.81,-1.79
5761,101,6.31,-1.85
5771,101,6.82,-1.91
5781,101,7.32,-1.98
5531,102,7.12,-1.18
5541,102,6.51,-1.24
5551,102,5.88,-1.31
5561,102,5.23,-1.39
5571,102,4.6,-1.48
5581,102,3.99,-1.58
5591,102,3.39,-1.68
5601,102,2.77,-1.78
5611,102,2.13,-1.87
5621,102,1.48,-1.92
5631,102,0.84,-1.93
5641,102,0.21,-1.89
5651,102,-0.4,-1.83
5661,102,-1.0,-1.75
5671,102,-1.6,-1.7
5681,102,-2.19,-1.67
5691,102,-2.79,-1.66
5701,102,-3.39,-1.69
5711,102,-4.01,-1.74
5721,102,-4.64,-1.81
5731,102,-5.28,-1.89
5741,102,-5.9,-1.95
5751,102,-6.51,-2.0
5761,102,-7.08,-2.01
5631,103,6.73,5.15
5641,103,6.68,4.75
5651,103,6.64,4.35
5661,103,6.59,3.97
5671,103,6.53,3.59
5681,103,6.44,3.23
5691,103,6.31,2.89
5701,103,6.15,2.57
5711,103,5.99,2.25
5721,103,5.85,1.91
5731,103,5.73,1.57
5741,103,5.56,1.23
5751,103,5.31,0.91
5761,103,4.95,0.64
5771,103,4.56,0.4
5781,103,4.2,0.2
5791,103,3.95,0.03
5801,103,3.88,-0.11
5811,103,4.05,-0.23
5821,103,4.38,-0.35
5831,103,4.78,-0.48
5841,103,5.21,-0.63
5851,103,5.67,-0.77
5861,103,6.13,-0.9
5871,103,6.6,-0.99
5881,103,7.05,-1.04
5891,103,7.48,-1.03
5631,104,6.08,5.27
5641,104,5.98,4.97
5651,104,5.9,4.63
5661,104,5.84,4.28
5671,104,5.78,3.91
5681,104,5.73,3.54
5691,104,5.68,3.19
5701,104,5.61,2.86
5711,104,5.52,2.54
5721,104,5.41,2.24
5731,104,5.27,1.95
5741,104,5.11,1.67
5751,104,4.92,1.44
5761,104,4.75,1.25
5771,104,4.65,1.09
5781,104,4.63,0.96
5791,104,4.67,0.85
5801,104,4.72,0.78
5811,104,4.8,0.69
5821,104,4.94,0.55
5831,104,5.14,0.34
5841,104,5.41,0.13
5851,104,5.74,-0.02
5861,104,6.13,-0.1
5871,104,6.55,-0.13
5881,104,6.97,-0.15
5891,104,7.38,-0.18
5731,105,6.91,5.5
5741,105,6.95,5.17
5751,105,7.0,4.86
5761,105,7.05,4.57
5771,105,7.09,4.29
5781,105,7.12,4.0
5791,105,7.12,3.69
5801,105,7.09,3.36
5811,105,7.05,3.03
5821,105,7.01,2.71
5831,105,6.98,2.43
5841,105,6.96,2.17
5851,105,6.95,1.92
5861,105,6.95,1.66
5871,105,6.95,1.4
5881,105,6.97,1.14
5891,105,7.01,0.86
5901,105,7.09,0.58
5911,105,7.19,0.3
5921,105,7.31,0.03
5931,105,7.44,-0.22
6021,106,7.38,-2.44
6031,106,6.82,-2.44
6041,106,6.26,-2.42
6051,106,5.7,-2.39
6061,106,5.15,-2.33
6071,106,4.6,-2.25
6081,106,4.07,-2.14
6091,106,3.55,-1.99
6101,106,3.06,-1.82
6111,106,2.62,-1.65
6121,106,2.23,-1.49
6131,106,1.92,-1.36
6141,106,1.7,-1.29
6151,106,1.54,-1.26
6161,106,1.42,-1.27
6171,106,1.21,-1.26
6181,106,0.85,-1.18
6191,106,0.38,-1.07
6201,106,-0.12,-0.94
6211,106,-0.61,-0.84
6221,106,-1.09,-0.75
6231,106,-1.58,-0.7
6241,106,-2.09,-0.69
6251,106,-2.62,-0.71
6261,106,-3.17,-0.73
6271,106,-3.7,-0.75
6281,106,-4.21,-0.74
6291,106,-4.72,-0.67
6301,106,-5.21,-0.52
6311,106,-5.69,-0.3
6321,106,-6.16,-0.03
6331,106,-6.6,0.29
6341,106,-7.01,0.62
6351,106,-7.38,0.94
6061,107,7.14,-2.34
6071,107,6.63,-2.25
6081,107,6.13,-2.15
6091,107,5.63,-2.04
6101,107,5.13,-1.93
6111,107,4.61,-1.83
6121,107,4.08,-1.73
6131,107,3.56,-1.64
6141,107,3.08,-1.55
6151,107,2.65,-1.46
6161,107,2.28,-1.37
6171,107,1.92,-1.25
6181,107,1.54,-1.11
6191,107,1.15,-0.96
6201,107,0.74,-0.81
6211,107,0.3,-0.68
6221,107,-0.16,-0.56
6231,107,-0.64,-0.45
6241,107,-1.12,-0.34
6251,107,-1.61,-0.22
6261,107,-2.1,-0.09
6271,107,-2.58,0.06
6281,107,-3.05,0.24
6291,107,-3.51,0.42
6301,107,-3.96,0.6
6311,107,-4.41,0.76
6321,107,-4.87,0.91
6331,107,-5.34,1.01
6341,107,-5.83,1.08
6351,107,-6.32,1.13
6361,107,-6.78,1.2
6371,107,-7.19,1.29
6381,107,-7.52,1.45
6061,108,7.35,-1.5
6071,108,6.89,-1.42
6081,108,6.37,-1.33
6091,108,5.82,-1.23
6101,108,5.24,-1.15
6111,108,4.67,-1.07
6121,108,4.11,-1.02
6131,108,3.59,-0.99
6141,108,3.09,-0.95
6151,108,2.6,-0.9
6161,108,2.11,-0.8
6171,108,1.61,-0.68
6181,108,1.11,-0.54
6191,108,0.62,-0.41
6201,108,0.13,-0.3
6211,108,-0.34,-0.2
6221,108,-0.8,-0.1
6231,108,-1.24,0.01
6241,108,-1.67,0.12
6251,108,-2.1,0.25
6261,108,-2.54,0.4
6271,108,-2.98,0.57
6281,108,-3.42,0.75
6291,108,-3.85,0.94
6301,108,-4.28,1.13
6311,108,-4.72,1.27
6321,108,-5.17,1.35
6331,108,-5.63,1.4
6341,108,-6.09,1.46
6351,108,-6.51,1.58
6361,108,-6.9,1.75
6371,108,-7.24,1.96
6381,108,-7.5,2.2
6391,108,-7.68,2.45
6401,108,-7.75,2.7
6411,108,-7.71,2.93
6211,109,7.36,2.35
6221,109,7.06,2.06
6231,109,6.74,1.83
6241,109,6.42,1.65
6251,109,6.08,1.47
6261,109,5.73,1.29
6271,109,5.36,1.07
6281,109,4.99,0.85
6291,109,4.61,0.65
6301,109,4.24,0.52
6311,109,3.87,0.44
6321,109,3.51,0.43
6331,109,3.15,0.47
6341,109,2.79,0.54
6351,109,2.41,0.61
6361,109,2.03,0.67
6371,109,1.67,0.76
6381,109,1.38,0.88
6391,109,1.13,1.02
6401,109,0.89,1.14
6411,109,0.6,1.2
6421,109,0.28,1.23
6431,109,-0.06,1.25
6441,109,-0.42,1.28
6451,109,-0.78,1.31
6461,109,-1.16,1.32
6471,109,-1.56,1.3
6481,109,-1.95,1.27
6491,109,-2.35,1.24
6501,109,-2.73,1.2
6511,109,-3.11,1.16
6521,109,-3.49,1.13
6531,109,-3.89,1.1
6541,109,-4.3,1.09
6551,109,-4.72,1.09
6561,109,-5.15,1.11
6571,109,-5.59,1.17
6581,109,-6.04,1.25
6591,109,-6.47,1.37
6601,109,-6.86,1.51
6611,109,-7.18,1.68
6621,109,-7.42,1.87
6231,110,7.21,1.33
6241,110,6.89,1.17
6251,110,6.63,0.99
6261,110,6.37,0.79
6271,110,6.09,0.58
6281,110,5.74,0.36
6291,110,5.31,0.17
6301,110,4.83,-0.01
6311,110,4.35,-0.15
6321,110,3.88,-0.24
6331,110,3.45,-0.27
6341,110,3.03,-0.23
6351,110,2.63,-0.13
6361,110,2.24,-0.01
6371,110,1.87,0.12
6381,110,1.51,0.24
6391,110,1.17,0.33
6401,110,0.84,0.41
6411,110,0.52,0.47
6421,110,0.21,0.52
6431,110,-0.1,0.57
6441,110,-0.41,0.62
6451,110,-0.73,0.66
6461,110,-1.08,0.69
6471,110,-1.44,0.7
6481,110,-1.83,0.67
6491,110,-2.25,0.62
6501,110,-2.68,0.56
6511,110,-3.12,0.51
6521,110,-3.57,0.49
6531,110,-4.01,0.48
6541,110,-4.46,0.5
6551,110,-4.89,0.53
6561,110,-5.33,0.56
6571,110,-5.75,0.62
6581,110,-6.17,0.69
6591,110,-6.59,0.8
6601,110,-7.0,0.96
6221,111,7.37,-1.5
6231,111,6.98,-1.51
6241,111,6.49,-1.54
6251,111,6.12,-1.6
6261,111,6.05,-1.66
6271,111,6.29,-1.79
6281,111,6.56,-2.07
6291,111,6.88,-2.42
6301,111,7.29,-2.69
6221,112,-7.25,0.41
6231,112,-6.89,0.47
6241,112,-6.56,0.49
6251,112,-6.23,0.49
6261,112,-5.91,0.47
6271,112,-5.59,0.46
6281,112,-5.27,0.45
6291,112,-4.94,0.43
6301,112,-4.58,0.41
6311,112,-4.22,0.42
6321,112,-3.85,0.47
6331,112,-3.48,0.56
6341,112,-3.11,0.68
6351,112,-2.74,0.8
6361,112,-2.36,0.92
6371,112,-1.95,1.05
6381,112,-1.49,1.22
6391,112,-1.01,1.39
6401,112,-0.55,1.55
6411,112,-0.14,1.66
6421,112,0.24,1.67
6431,112,0.65,1.58
6441,112,1.09,1.4
6451,112,1.53,1.22
6461,112,1.95,1.04
6471,112,2.37,0.87
6481,112,2.8,0.7
6491,112,3.27,0.57
6501,112,3.78,0.48
6511,112,4.3,0.39
6521,112,4.81,0.28
6531,112,5.3,0.15
6541,112,5.78,0.02
6551,112,6.25,-0.1
6561,112,6.74,-0.23
6571,112,7.23,-0.33
6221,113,-7.19,-0.72
6231,113,-6.77,-0.58
6241,113,-6.34,-0.47
6251,113,-5.92,-0.38
6261,113,-5.52,-0.31
6271,113,-5.16,-0.25
6281,113,-4.81,-0.19
6291,113,-4.48,-0.16
6301,113,-4.14,-0.14
6311,113,-3.8,-0.13
6321,113,-3.45,-0.11
6331,113,-3.09,-0.07
6341,113,-2.72,-0.01
6351,113,-2.35,0.03
6361,113,-1.97,0.05
6371,113,-1.61,0.02
6381,113,-1.24,-0.03
6391,113,-0.86,-0.12
6401,113,-0.48,-0.22
6411,113,-0.09,-0.32
6421,113,0.31,-0.42
6431,113,0.7,-0.48
6441,113,1.09,-0.54
6451,113,1.46,-0.61
6461,113,1.81,-0.72
6471,113,2.15,-0.9
6481,113,2.49,-1.1
6491,113,2.87,-1.27
6501,113,3.3,-1.4
6511,113,3.76,-1.45
6521,113,4.21,-1.41
6531,113,4.64,-1.3
6541,113,5.08,-1.17
6551,113,5.53,-1.08
6561,113,6.0,-1.04
6571,113,6.46,-1.03
6581,113,6.9,-1.04
6591,113,7.3,-1.05
6311,114,7.43,-1.93
6321,114,7.05,-1.8
6331,114,6.62,-1.71
6341,114,6.16,-1.63
6351,114,5.69,-1.58
6361,114,5.22,-1.55
6371,114,4.78,-1.52
6381,114,4.35,-1.5
6391,114,3.93,-1.48
6401,114,3.51,-1.45
6411,114,3.09,-1.42
6421,114,2.67,-1.39
6431,114,2.25,-1.37
6441,114,1.83,-1.37
6451,114,1.43,-1.36
6461,114,1.04,-1.35
6471,114,0.66,-1.33
6481,114,0.3,-1.28
6491,114,-0.06,-1.21
6501,114,-0.4,-1.11
6511,114,-0.73,-0.98
6521,114,-1.04,-0.83
6531,114,-1.35,-0.65
6541,114,-1.63,-0.46
6551,114,-1.9,-0.27
6561,114,-2.15,-0.09
6571,114,-2.39,0.06
6581,114,-2.61,0.19
6591,114,-2.83,0.32
6601,114,-3.05,0.45
6611,114,-3.26,0.56
6621,114,-3.45,0.67
6631,114,-3.61,0.76
6641,114,-3.74,0.84
6651,114,-3.86,0.9
6661,114,-3.95,0.95
6671,114,-4.02,1.0
6681,114,-4.07,1.03
6691,114,-4.11,1.05
6701,114,-4.13,1.06
6711,114,-4.14,1.06
6721,114,-4.13,1.06
6731,114,-4.11,1.05
6741,114,-4.08,1.04
6751,114,-4.05,1.02
6761,114,-4.0,0.99
6771,114,-3.95,0.97
6781,114,-3.89,0.94
6791,114,-3.83,0.91
6801,114,-3.77,0.88
6811,114,-3.71,0.85
6821,114,-3.65,0.82
6831,114,-3.58,0.79
6841,114,-3.53,0.77
6851,114,-3.47,0.74
6861,114,-3.43,0.73
6871,114,-3.39,0.71
6881,114,-3.35,0.7
6891,114,-3.32,0.7
6901,114,-3.3,0.69
6911,114,-3.28,0.69
6921,114,-3.26,0.69
6931,114,-3.25,0.69
6941,114,-3.24,0.69
6951,114,-3.23,0.69
6961,114,-3.22,0.69
6971,114,-3.22,0.68
6981,114,-3.22,0.68
6991,114,-3.21,0.67
7001,114,-3.21,0.67
7011,114,-3.21,0.65
7021,114,-3.21,0.64
7031,114,-3.22,0.63
7041,114,-3.23,0.61
7051,114,-3.24,0.6
7061,114,-3.26,0.59
7071,114,-3.29,0.59
7081,114,-3.33,0.59
7091,114,-3.38,0.59
7101,114,-3.44,0.6
7111,114,-3.51,0.62
7121,114,-3.59,0.65
7131,114,-3.69,0.69
7141,114,-3.8,0.75
7151,114,-3.91,0.81
7161,114,-4.0,0.88
7171,114,-4.07,0.97
7181,114,-4.12,1.06
7191,114,-4.14,1.15
7201,114,-4.13,1.24
7211,114,-4.1,1.32
7221,114,-4.05,1.39
7231,114,-4.02,1.45
7241,114,-3.99,1.49
7251,114,-3.98,1.51
7261,114,-4.0,1.52
7271,114,-4.03,1.5
7281,114,-4.09,1.47
7291,114,-4.17,1.42
7301,114,-4.28,1.35
7311,114,-4.44,1.29
7321,114,-4.69,1.27
7331,114,-5.02,1.31
7341,114,-5.38,1.38
7351,114,-5.72,1.45
7361,114,-6.03,1.52
7371,114,-6.3,1.59
7381,114,-6.55,1.67
7391,114,-6.78,1.77
7401,114,-6.98,1.88
7411,114,-7.16,2.02
7421,114,-7.29,2.17
7431,114,-7.39,2.34
7441,114,-7.44,2.53
7451,114,-7.44,2.73
6321,115,7.21,-0.75
6331,115,6.81,-0.72
6341,115,6.42,-0.64
6351,115,6.03,-0.52
6361,115,5.64,-0.38
6371,115,5.26,-0.24
6381,115,4.89,-0.17
6391,115,4.55,-0.19
6401,115,4.25,-0.28
6411,115,3.99,-0.38
6421,115,3.78,-0.46
6431,115,3.62,-0.52
6441,115,3.5,-0.56
6451,115,3.41,-0.59
6461,115,3.36,-0.61
6471,115,3.33,-0.62
6481,115,3.33,-0.61
6491,115,3.35,-0.6
6501,115,3.39,-0.59
6511,115,3.43,-0.57
6521,115,3.49,-0.55
6531,115,3.56,-0.53
6541,115,3.62,-0.51
6551,115,3.68,-0.5
6561,115,3.73,-0.5
6571,115,3.78,-0.5
6581,115,3.81,-0.51
6591,115,3.84,-0.52
6601,115,3.85,-0.53
6611,115,3.86,-0.55
6621,115,3.85,-0.57
6631,115,3.83,-0.58
6641,115,3.8,-0.6
6651,115,3.75,-0.61
6661,115,3.69,-0.62
6671,115,3.62,-0.62
6681,115,3.53,-0.61
6691,115,3.42,-0.6
6701,115,3.31,-0.58
6711,115,3.18,-0.56
6721,115,3.07,-0.53
6731,115,2.99,-0.52
6741,115,2.94,-0.52
6751,115,2.92,-0.52
6761,115,2.92,-0.53
6771,115,2.95,-0.55
6781,115,3.0,-0.58
6791,115,3.07,-0.61
6801,115,3.15,-0.64
6811,115,3.24,-0.68
6821,115,3.33,-0.71
6831,115,3.43,-0.75
6841,115,3.52,-0.78
6851,115,3.61,-0.81
6861,115,3.69,-0.84
6871,115,3.76,-0.86
6881,115,3.81,-0.87
6891,115,3.84,-0.88
6901,115,3.85,-0.87
6911,115,3.83,-0.86
6921,115,3.78,-0.84
6931,115,3.69,-0.8
6941,115,3.57,-0.75
6951,115,3.41,-0.68
6961,115,3.2,-0.6
6971,115,2.95,-0.5
6981,115,2.64,-0.38
6991,115,2.29,-0.24
7001,115,1.92,-0.09
7011,115,1.54,0.08
7021,115,1.16,0.23
7031,115,0.78,0.35
7041,115,0.4,0.44
7051,115,0.03,0.5
7061,115,-0.32,0.55
7071,115,-0.66,0.6
7081,115,-0.99,0.65
7091,115,-1.32,0.69
7101,115,-1.63,0.72
7111,115,-1.92,0.74
7121,115,-2.16,0.76
7131,115,-2.35,0.78
7141,115,-2.49,0.79
7151,115,-2.61,0.78
7161,115,-2.71,0.76
7171,115,-2.79,0.74
7181,115,-2.84,0.74
7191,115,-2.89,0.74
7201,115,-2.95,0.74
7211,115,-3.02,0.73
7221,115,-3.12,0.7
7231,115,-3.27,0.64
7241,115,-3.46,0.57
7251,115,-3.67,0.51
7261,115,-3.89,0.49
7271,115,-4.1,0.49
7281,115,-4.31,0.52
7291,115,-4.5,0.56
7301,115,-4.7,0.6
7311,115,-4.92,0.64
7321,115,-5.2,0.69
7331,115,-5.53,0.74
7341,115,-5.89,0.79
7351,115,-6.23,0.84
7361,115,-6.55,0.89
7371,115,-6.85,0.96
7381,115,-7.11,1.05
7391,115,-7.35,1.18
7401,115,-7.56,1.36
6541,116,-6.87,-1.85
6551,116,-6.35,-1.8
6561,116,-5.86,-1.75
6571,116,-5.35,-1.72
6581,116,-4.82,-1.72
6591,116,-4.26,-1.72
6601,116,-3.73,-1.71
6611,116,-3.23,-1.69
6621,116,-2.74,-1.65
6631,116,-2.24,-1.6
6641,116,-1.72,-1.54
6651,116,-1.19,-1.47
6661,116,-0.68,-1.39
6671,116,-0.19,-1.31
6681,116,0.26,-1.23
6691,116,0.69,-1.18
6701,116,1.11,-1.18
6711,116,1.54,-1.23
6721,116,1.99,-1.34
6731,116,2.46,-1.47
6741,116,2.94,-1.56
6751,116,3.43,-1.61
6761,116,3.92,-1.62
6771,116,4.44,-1.63
6781,116,4.99,-1.63
6791,116,5.54,-1.63
6801,116,6.08,-1.62
6811,116,6.6,-1.6
6821,116,7.07,-1.57
6831,116,7.49,-1.52
6541,117,-6.97,-1.33
6551,117,-6.45,-1.25
6561,117,-5.94,-1.15
6571,117,-5.43,-1.06
6581,117,-4.91,-0.99
6591,117,-4.39,-0.95
6601,117,-3.86,-0.94
6611,117,-3.34,-0.96
6621,117,-2.82,-1.01
6631,117,-2.31,-1.07
6641,117,-1.83,-1.1
6651,117,-1.38,-1.08
6661,117,-0.93,-1.04
6671,117,-0.46,-0.98
6681,117,0.03,-0.91
6691,117,0.51,-0.8
6701,117,0.97,-0.69
6711,117,1.41,-0.68
6721,117,1.85,-0.8
6731,117,2.3,-0.97
6741,117,2.79,-1.1
6751,117,3.31,-1.2
6761,117,3.83,-1.27
6771,117,4.36,-1.31
6781,117,4.91,-1.3
6791,117,5.46,-1.23
6801,117,6.0,-1.16
6811,117,6.52,-1.09
6821,117,6.99,-1.05
6831,117,7.42,-1.08
6571,118,7.18,-1.59
6581,118,6.65,-1.59
6591,118,6.15,-1.58
6601,118,5.65,-1.55
6611,118,5.16,-1.53
6621,118,4.64,-1.51
6631,118,4.1,-1.49
6641,118,3.55,-1.48
6651,118,3.04,-1.49
6661,118,2.58,-1.5
6671,118,2.12,-1.52
6681,118,1.66,-1.53
6691,118,1.16,-1.52
6701,118,0.65,-1.5
6711,118,0.15,-1.46
6721,118,-0.36,-1.41
6731,118,-0.85,-1.36
6741,118,-1.34,-1.31
6751,118,-1.83,-1.29
6761,118,-2.29,-1.28
6771,118,-2.73,-1.29
6781,118,-3.12,-1.32
6791,118,-3.47,-1.38
6801,118,-3.8,-1.47
6811,118,-4.12,-1.58
6821,118,-4.46,-1.71
6831,118,-4.85,-1.82
6841,118,-5.32,-1.87
6851,118,-5.83,-1.89
6861,118,-6.37,-1.89
6871,118,-6.9,-1.89
6881,118,-7.4,-1.91
6571,119,7.37,-2.21
6581,119,6.86,-2.18
6591,119,6.34,-2.16
6601,119,5.82,-2.15
6611,119,5.3,-2.14
6621,119,4.78,-2.12
6631,119,4.26,-2.1
6641,119,3.75,-2.06
6651,119,3.24,-2.03
6661,119,2.75,-2.03
6671,119,2.27,-2.07
6681,119,1.8,-2.11
6691,119,1.32,-2.13
6701,119,0.84,-2.09
6711,119,0.34,-2.03
6721,119,-0.15,-1.98
6731,119,-0.63,-1.99
6741,119,-1.12,-2.02
6751,119,-1.6,-2.03
6761,119,-2.1,-2.0
6771,119,-2.58,-1.94
6781,119,-3.01,-1.91
6791,119,-3.36,-1.95
6801,119,-3.63,-2.08
6811,119,-3.9,-2.19
6821,119,-4.23,-2.24
6831,119,-4.61,-2.26
6841,119,-5.04,-2.27
6851,119,-5.5,-2.32
6861,119,-5.99,-2.4
6871,119,-6.48,-2.48
6881,119,-6.98,-2.55
6891,119,-7.46,-2.6
6591,120,-6.94,-2.01
6601,120,-6.34,-2.08
6611,120,-5.78,-2.14
6621,120,-5.25,-2.19
6631,120,-4.71,-2.25
6641,120,-4.16,-2.31
6651,120,-3.58,-2.37
6661,120,-2.98,-2.43
6671,120,-2.36,-2.45
6681,120,-1.75,-2.45
6691,120,-1.19,-2.46
6701,120,-0.68,-2.51
6711,120,-0.19,-2.57
6721,120,0.35,-2.63
6731,120,0.91,-2.74
6741,120,1.39,-3.07
6751,120,1.73,-3.62
6761,120,1.94,-4.23
6771,120,2.06,-4.75
6781,120,2.12,-5.18
6791,120,2.15,-5.49
6801,120,2.16,-5.7
6811,120,2.16,-5.8
6821,120,2.15,-5.82
6831,120,2.14,-5.82
6841,120,2.14,-5.82
6851,120,2.15,-5.88
6861,120,2.18,-6.02
6871,120,2.24,-6.31
6591,121,-6.98,-2.56
6601,121,-6.47,-2.66
6611,121,-5.97,-2.74
6621,121,-5.46,-2.82
6631,121,-4.93,-2.88
6641,121,-4.36,-2.92
6651,121,-3.75,-2.95
6661,121,-3.13,-2.97
6671,121,-2.53,-3.0
6681,121,-1.97,-3.04
6691,121,-1.46,-3.12
6701,121,-1.01,-3.25
6711,121,-0.6,-3.44
6721,121,-0.17,-3.7
6731,121,0.33,-4.03
6741,121,0.76,-4.33
6751,121,1.02,-4.58
6761,121,1.17,-4.8
6771,121,1.29,-5.04
6781,121,1.39,-5.25
6791,121,1.46,-5.38
6801,121,1.51,-5.45
6811,121,1.54,-5.48
6821,121,1.55,-5.5
6831,121,1.56,-5.55
6841,121,1.55,-5.66
6851,121,1.55,-5.85
6861,121,1.56,-6.16
6871,121,1.57,-6.61
6721,122,-7.21,-2.87
6731,122,-6.77,-2.95
6741,122,-6.34,-3.0
6751,122,-5.91,-3.03
6761,122,-5.48,-3.05
6771,122,-5.02,-3.07
6781,122,-4.55,-3.08
6791,122,-4.08,-3.09
6801,122,-3.62,-3.07
6811,122,-3.17,-3.03
6821,122,-2.74,-2.98
6831,122,-2.31,-2.92
6841,122,-1.87,-2.86
6851,122,-1.43,-2.8
6861,122,-1.01,-2.74
6871,122,-0.6,-2.69
6881,122,-0.22,-2.65
6891,122,0.15,-2.61
6901,122,0.53,-2.61
6911,122,0.92,-2.65
6921,122,1.35,-2.73
6931,122,1.8,-2.84
6941,122,2.25,-2.95
6951,122,2.67,-3.04
6961,122,3.1,-3.09
6971,122,3.54,-3.11
6981,122,4.02,-3.1
6991,122,4.49,-3.06
7001,122,4.96,-3.01
7011,122,5.38,-2.96
7021,122,5.78,-2.92
7031,122,6.17,-2.88
7041,122,6.55,-2.85
7051,122,6.94,-2.83
7061,122,7.35,-2.82
6751,123,-7.05,-2.05
6761,123,-6.66,-1.99
6771,123,-6.3,-1.92
6781,123,-5.96,-1.91
6791,123,-5.6,-2.01
6801,123,-5.23,-2.27
6811,123,-4.86,-2.6
6821,123,-4.54,-2.86
6831,123,-4.2,-2.96
6841,123,-3.79,-2.9
6851,123,-3.35,-2.81
6861,123,-2.91,-2.75
6871,123,-2.48,-2.7
6881,123,-2.05,-2.62
6891,123,-1.64,-2.54
6901,123,-1.23,-2.46
6911,123,-0.82,-2.41
6921,123,-0.42,-2.39
6931,123,-0.02,-2.4
6941,123,0.4,-2.43
6951,123,0.84,-2.47
6961,123,1.31,-2.5
6971,123,1.8,-2.53
6981,123,2.29,-2.54
6991,123,2.76,-2.52
7001,123,3.22,-2.48
7011,123,3.67,-2.43
7021,123,4.11,-2.38
7031,123,4.54,-2.36
7041,123,4.96,-2.36
7051,123,5.38,-2.38
7061,123,5.79,-2.4
7071,123,6.19,-2.42
7081,123,6.58,-2.41
7091,123,6.97,-2.37
7101,123,7.35,-2.29
6751,124,-7.27,-1.17
6761,124,-6.81,-1.14
6771,124,-6.42,-1.24
6781,124,-6.09,-1.39
6791,124,-5.8,-1.49
6801,124,-5.52,-1.46
6811,124,-5.24,-1.25
6821,124,-4.91,-1.06
6831,124,-4.53,-1.02
6841,124,-4.13,-1.04
6851,124,-3.73,-1.06
6861,124,-3.32,-1.12
6871,124,-2.91,-1.23
6881,124,-2.48,-1.33
6891,124,-2.04,-1.39
6901,124,-1.59,-1.4
6911,124,-1.14,-1.39
6921,124,-0.7,-1.37
6931,124,-0.29,-1.37
6941,124,0.11,-1.39
6951,124,0.48,-1.44
6961,124,0.83,-1.55
6971,124,1.19,-1.72
6981,124,1.56,-1.92
6991,124,1.94,-2.1
7001,124,2.34,-2.17
7011,124,2.75,-2.12
7021,124,3.17,-1.98
7031,124,3.62,-1.83
7041,124,4.09,-1.75
7051,124,4.59,-1.72
7061,124,5.1,-1.72
7071,124,5.6,-1.72
7081,124,6.09,-1.72
7091,124,6.56,-1.72
7101,124,6.99,-1.72
7111,124,7.39,-1.72
6881,125,7.42,-1.97
6891,125,6.87,-2.01
6901,125,6.32,-1.99
6911,125,5.78,-1.92
6921,125,5.26,-1.83
6931,125,4.76,-1.73
6941,125,4.28,-1.62
6951,125,3.83,-1.52
6961,125,3.39,-1.4
6971,125,2.94,-1.26
6981,125,2.47,-1.09
6991,125,1.98,-0.92
7001,125,1.48,-0.77
7011,125,0.98,-0.62
7021,125,0.48,-0.5
7031,125,0.0,-0.4
7041,125,-0.44,-0.33
7051,125,-0.85,-0.3
7061,125,-1.19,-0.31
7071,125,-1.45,-0.38
7081,125,-1.65,-0.47
7091,125,-1.79,-0.56
7101,125,-1.9,-0.63
7111,125,-2.04,-0.67
7121,125,-2.27,-0.65
7131,125,-2.58,-0.59
7141,125,-2.93,-0.5
7151,125,-3.28,-0.4
7161,125,-3.57,-0.3
7171,125,-3.75,-0.2
7181,125,-3.88,-0.11
7191,125,-4.05,-0.01
7201,125,-4.3,0.1
7211,125,-4.58,0.22
7221,125,-4.86,0.33
7231,125,-5.09,0.43
7241,125,-5.29,0.53
7251,125,-5.49,0.64
7261,125,-5.74,0.76
7271,125,-6.04,0.9
7281,125,-6.34,1.07
7291,125,-6.59,1.29
7301,125,-6.78,1.56
7311,125,-6.89,1.85
7321,125,-6.97,2.17
7331,125,-7.03,2.48
7341,125,-7.09,2.77
7351,125,-7.17,3.03
6891,126,7.13,-2.57
6901,126,6.6,-2.56
6911,126,6.06,-2.51
6921,126,5.53,-2.44
6931,126,5.01,-2.35
6941,126,4.53,-2.24
6951,126,4.09,-2.12
6961,126,3.67,-1.99
6971,126,3.28,-1.84
6981,126,2.89,-1.69
6991,126,2.5,-1.54
7001,126,2.09,-1.41
7011,126,1.64,-1.34
7021,126,1.16,-1.31
7031,126,0.65,-1.31
7041,126,0.14,-1.31
7051,126,-0.35,-1.31
7061,126,-0.83,-1.27
7071,126,-1.31,-1.22
7081,126,-1.78,-1.14
7091,126,-2.22,-1.04
7101,126,-2.6,-0.94
7111,126,-2.86,-0.85
7121,126,-3.03,-0.79
7131,126,-3.15,-0.79
7141,126,-3.24,-0.85
7151,126,-3.33,-0.91
7161,126,-3.42,-0.93
7171,126,-3.54,-0.88
7181,126,-3.68,-0.8
7191,126,-3.85,-0.73
7201,126,-4.05,-0.67
7211,126,-4.29,-0.58
7221,126,-4.57,-0.46
7231,126,-4.89,-0.26
7241,126,-5.23,-0.03
7251,126,-5.59,0.19
7261,126,-5.95,0.36
7271,126,-6.29,0.5
7281,126,-6.61,0.63
7291,126,-6.88,0.79
7301,126,-7.09,0.99
7311,126,-7.26,1.2
7321,126,-7.37,1.42
7331,126,-7.44,1.66
7341,126,-7.45,1.89
7351,126,-7.4,2.11
7061,127,6.7,5.25
7071,127,6.65,4.81
7081,127,6.61,4.35
7091,127,6.55,3.89
7101,127,6.46,3.43
7111,127,6.33,2.98
7121,127,6.14,2.54
7131,127,5.9,2.11
7141,127,5.6,1.69
7151,127,5.24,1.28
7161,127,4.82,0.92
7171,127,4.34,0.64
7181,127,3.81,0.43
7191,127,3.24,0.32
7201,127,2.67,0.3
7211,127,2.08,0.34
7221,127,1.49,0.38
7231,127,0.89,0.38
7241,127,0.31,0.35
7251,127,-0.26,0.34
7261,127,-0.8,0.36
7271,127,-1.32,0.4
7281,127,-1.84,0.43
7291,127,-2.36,0.42
7301,127,-2.89,0.37
7311,127,-3.4,0.31
7321,127,-3.9,0.27
7331,127,-4.36,0.24
7341,127,-4.78,0.26
7351,127,-5.15,0.32
7361,127,-5.47,0.45
7371,127,-5.73,0.61
7381,127,-5.97,0.79
7391,127,-6.2,0.97
7401,127,-6.43,1.14
7411,127,-6.65,1.3
7421,127,-6.85,1.45
7431,127,-7.03,1.6
7441,127,-7.19,1.75
7451,127,-7.32,1.9
7461,127,-7.41,2.06
7171,128,-7.46,1.89
7181,128,-7.29,1.63
7191,128,-7.12,1.34
7201,128,-6.94,1.01
7211,128,-6.75,0.65
7221,128,-6.55,0.27
7231,128,-6.33,-0.15
7241,128,-6.08,-0.56
7251,128,-5.78,-0.93
7261,128,-5.4,-1.22
7271,128,-4.95,-1.42
7281,128,-4.44,-1.56
7291,128,-3.88,-1.66
7301,128,-3.29,-1.72
7311,128,-2.68,-1.78
7321,128,-2.06,-1.86
7331,128,-1.46,-1.95
7341,128,-0.87,-2.04
7351,128,-0.29,-2.14
7361,128,0.31,-2.24
7371,128,0.96,-2.32
7381,128,1.64,-2.37
7391,128,2.29,-2.4
7401,128,2.91,-2.39
7411,128,3.51,-2.39
7421,128,4.12,-2.4
7431,128,4.76,-2.43
7441,128,5.39,-2.47
7451,128,6.03,-2.5
7461,128,6.66,-2.53
7471,128,7.28,-2.54
6951,129,7.17,0.99
6961,129,6.72,0.81
6971,129,6.22,0.67
6981,129,5.69,0.55
6991,129,5.13,0.47
7001,129,4.56,0.41
7011,129,3.99,0.39
7021,129,3.42,0.38
7031,129,2.87,0.39
7041,129,2.34,0.39
7051,129,1.83,0.38
7061,129,1.34,0.35
7071,129,0.86,0.28
7081,129,0.35,0.18
7091,129,-0.2,0.06
7101,129,-0.77,-0.05
7111,129,-1.35,-0.11
7121,129,-1.94,-0.1
7131,129,-2.51,-0.06
7141,129,-3.07,0.01
7151,129,-3.61,0.1
7161,129,-4.13,0.25
7171,129,-4.63,0.45
7181,129,-5.1,0.69
7191,129,-5.52,0.96
7201,129,-5.9,1.25
7211,129,-6.25,1.56
7221,129,-6.57,1.9
7231,129,-6.86,2.24
7241,129,-7.11,2.56
7251,129,-7.3,2.85
7261,129,-7.44,3.08
7231,130,-7.25,-0.54
7241,130,-6.87,-0.96
7251,130,-6.49,-1.32
7261,130,-6.08,-1.62
7271,130,-5.6,-1.86
7281,130,-5.05,-2.03
7291,130,-4.45,-2.17
7301,130,-3.82,-2.28
7311,130,-3.18,-2.37
7321,130,-2.54,-2.45
7331,130,-1.92,-2.51
7341,130,-1.32,-2.57
7351,130,-0.71,-2.65
7361,130,-0.08,-2.75
7371,130,0.57,-2.88
7381,130,1.23,-2.99
7391,130,1.91,-3.07
7401,130,2.58,-3.11
7411,130,3.27,-3.13
7421,130,3.94,-3.13
7431,130,4.62,-3.13
7441,130,5.27,-3.13
7451,130,5.91,-3.14
7461,130,6.51,-3.17
7471,130,7.08,-3.22
7251,131,-7.49,-2.28
7261,131,-7.0,-2.29
7271,131,-6.56,-2.16
7281,131,-6.11,-1.96
7291,131,-5.63,-1.75
7301,131,-5.08,-1.59
7311,131,-4.46,-1.51
7321,131,-3.82,-1.46
7331,131,-3.21,-1.42
7341,131,-2.63,-1.41
7351,131,-2.07,-1.44
7361,131,-1.53,-1.53
7371,131,-1.01,-1.64
7381,131,-0.48,-1.77
7391,131,0.04,-1.89
7401,131,0.59,-2.02
7411,131,1.18,-2.15
7421,131,1.8,-2.26
7431,131,2.44,-2.32
7441,131,3.07,-2.33
7451,131,3.7,-2.33
7461,131,4.32,-2.35
7471,131,4.95,-2.43
7481,131,5.56,-2.52
7491,131,6.17,-2.61
7501,131,6.78,-2.65
7511,131,7.38,-2.61
7291,132,7.28,-2.6
7301,132,6.59,-2.51
7311,132,5.92,-2.44
7321,132,5.27,-2.38
7331,132,4.63,-2.29
7341,132,3.99,-2.15
7351,132,3.35,-1.97
7361,132,2.74,-1.76
7371,132,2.19,-1.56
7381,132,1.66,-1.4
7391,132,1.1,-1.3
7401,132,0.5,-1.26
7411,132,-0.11,-1.26
7421,132,-0.72,-1.28
7431,132,-1.31,-1.3
7441,132,-1.91,-1.31
7451,132,-2.53,-1.33
7461,132,-3.16,-1.34
7471,132,-3.78,-1.38
7481,132,-4.39,-1.43
7491,132,-4.98,-1.51
7501,132,-5.57,-1.6
7511,132,-6.18,-1.69
7371,133,-7.49,0.42
7381,133,-7.23,0.13
7391,133,-6.92,-0.07
7401,133,-6.59,-0.2
7411,133,-6.25,-0.29
7421,133,-5.89,-0.37
7431,133,-5.53,-0.45
7441,133,-5.16,-0.54
7451,133,-4.76,-0.61
7461,133,-4.34,-0.65
7471,133,-3.9,-0.67
7481,133,-3.46,-0.72
7491,133,-3.06,-0.83
7501,133,-2.69,-1.05
7511,133,-2.34,-1.38
7371,134,-7.42,-2.45
7381,134,-6.99,-2.33
7391,134,-6.53,-2.22
7401,134,-6.06,-2.12
7411,134,-5.58,-2.04
7421,134,-5.11,-1.99
7431,134,-4.66,-1.98
7441,134,-4.22,-2.01
7451,134,-3.75,-2.04
7461,134,-3.24,-2.06
7471,134,-2.71,-2.07
7481,134,-2.18,-2.08
7491,134,-1.66,-2.08
7501,134,-1.16,-2.09
7511,134,-0.66,-2.11
7371,135,7.4,-1.15
7381,135,7.02,-1.15
7391,135,6.64,-1.13
7401,135,6.25,-1.11
7411,135,5.87,-1.08
7421,135,5.48,-1.05
7431,135,5.09,-1.04
7441,135,4.71,-1.05
7451,135,4.32,-1.09
7461,135,3.94,-1.14
7471,135,3.56,-1.2
7481,135,3.18,-1.25
7491,135,2.79,-1.3
7501,135,2.41,-1.33
7511,135,2.04,-1.37
7481,136,7.16,-0.89
7491,136,6.67,-0.82
7501,136,6.18,-0.77
7511,136,5.69,-0.74
7481,137,7.25,-1.4
7491,137,6.77,-1.33
7501,137,6.29,-1.27
7511,137,5.8,-1.28
