0,1,5.3533964,6.188289
1,1,4.731528,6.7770686
2,1,4.3122544,6.3352284
3,1,4.087032,6.607661
4,1,4.2686687,7.355678
5,1,3.164466,7.155902
6,1,2.4959483,7.2293296
7,1,1.6364906,7.459791
8,1,1.3335319,7.304339
9,1,1.0275431,6.839022
10,1,1.0854568,7.2228813
11,1,0.15159607,7.185924
0,2,6.009906,6.9652004
1,2,6.1342916,6.955174
2,2,5.2332687,7.043344
3,2,4.1172504,6.784412
4,2,3.8459787,6.3231125
5,2,3.4658928,6.7766047
6,2,3.0066335,6.7087374
7,2,1.9986305,6.911088
8,2,1.432786,7.0591125
9,2,1.3188066,6.525462
10,2,1.6105871,6.676737
11,2,2.1906939,6.260817
12,3,6.6414375,6.1210237
13,3,6.5246344,6.0207586
14,3,6.3906174,5.9679017
15,3,5.7200117,6.482415
16,3,5.600507,6.574177
17,3,5.5538983,6.1812873
18,3,4.750503,5.878479
19,3,4.6741123,5.7065125
20,3,4.7321196,6.11019
21,3,4.238429,6.453913
22,3,3.8732457,7.3914084
23,3,4.615735,7.1776404
12,4,7.752631,6.2946224
13,4,6.6354523,6.4211373
14,4,6.3302307,6.2945724
15,4,5.381341,6.434268
16,4,4.9969234,6.394746
17,4,4.8226113,6.58721
18,4,3.5951285,6.3522687
19,4,3.2088256,6.4135275
20,4,2.3964515,6.4386907
21,4,2.4644508,6.2975683
22,4,2.2475963,6.463537
23,4,1.7870684,6.597271
24,5,7.449699,9.089719
25,5,7.4668455,9.17947
26,5,6.5710864,8.185924
27,5,6.784805,7.443776
28,5,7.764739,7.923764
29,5,7.198004,8.873802
30,5,7.4537992,7.996819
31,5,7.1588507,8.014236
32,5,7.1750293,8.2111845
33,5,7.2317624,8.670885
34,5,7.6310725,7.8943114
35,5,7.8026614,7.314686
24,6,8.011526,8.848967
25,6,7.5113916,9.153771
26,6,8.34187,8.992151
27,6,8.293028,8.892388
28,6,8.476028,8.867945
29,6,8.243166,9.117524
30,6,8.430796,9.146362
31,6,8.819501,9.476719
32,6,8.35656,9.304667
33,6,7.8902273,9.31729
34,6,8.297782,8.239463
35,6,7.4974737,7.8958554
24,7,13.574425,3.5058537
25,7,12.961271,3.5509405
26,7,13.062131,3.3372614
27,7,12.557138,3.70473
28,7,12.930585,3.4515152
29,7,13.144664,3.3215683
30,7,12.487254,2.8158994
31,7,12.861365,2.435512
32,7,13.500174,3.2458973
33,7,12.624738,3.1839259
34,7,13.025143,3.4841952
35,7,13.04105,3.4143364
36,8,6.5829782,8.387274
37,8,7.0947084,8.267927
38,8,7.2459664,7.399557
39,8,7.3499312,7.545618
40,8,6.4706287,8.265173
41,8,6.641521,8.540802
42,8,6.1276407,8.1873665
43,8,6.6645927,8.800607
44,8,6.483165,8.558168
45,8,6.679182,7.815831
46,8,7.0503488,7.7093678
47,8,6.868274,7.882674
36,9,8.124159,9.0159235
37,9,8.213106,8.930801
38,9,8.231762,8.902127
39,9,7.9248886,9.400938
40,9,7.8768144,8.8666115
41,9,8.055984,8.930886
42,9,8.334415,8.544524
43,9,8.32602,8.549121
44,9,8.441683,8.726351
45,9,8.595543,8.557991
46,9,8.018998,8.775574
47,9,7.864355,8.340324
36,10,13.177077,3.0194135
37,10,12.870877,3.071802
38,10,13.332557,3.3948545
39,10,13.428582,3.812375
40,10,13.36339,3.2324462
41,10,13.261181,3.158019
42,10,12.818684,3.2820415
43,10,11.889536,3.42727
44,10,12.400061,2.9910688
45,10,12.375055,1.9725218
46,10,11.712211,2.2760162
47,10,12.251207,2.4649506
48,11,6.4009056,9.167387
49,11,6.6275163,8.943529
50,11,7.1258025,8.775069
51,11,7.587137,8.555247
52,11,7.044373,8.306529
53,11,7.1948233,9.055915
54,11,7.74053,9.039698
55,11,6.9394293,9.643358
56,11,6.72303,8.204445
57,11,6.565601,8.291628
58,11,6.6682415,8.401685
59,11,6.5914993,8.437278
48,12,8.04751,8.751564
49,12,7.882779,8.913159
50,12,8.549321,8.807874
51,12,8.54177,9.180922
52,12,8.858869,9.158531
53,12,9.177472,9.190971
54,12,8.887535,9.713782
55,12,8.943977,9.591204
56,12,9.19467,9.608608
57,12,8.893597,8.818743
58,12,9.256762,8.489347
59,12,10.101353,8.417335
48,13,13.429661,3.2424757
49,13,12.616843,2.9844658
50,13,12.200726,3.2542508
51,13,11.778113,2.839622
52,13,10.926557,3.388911
53,13,11.951598,3.5052185
54,13,13.112388,3.506549
55,13,12.769261,3.111251
56,13,12.960091,2.8417037
57,13,13.480349,2.601363
58,13,12.520978,2.767761
59,13,11.983277,2.2795992
60,14,6.42464,8.053355
61,14,7.444492,8.1131525
62,14,7.6003275,7.758357
63,14,6.870509,7.79138
64,14,6.7960305,7.944731
65,14,7.2003393,7.8119454
66,14,7.427166,7.7671328
67,14,7.073612,7.643459
68,14,6.389188,9.375712
69,14,6.5105066,9.17872
70,14,6.7599487,9.323413
71,14,5.9956417,9.191586
60,15,8.275259,9.310323
61,15,8.428125,9.212776
62,15,8.02186,9.500272
63,15,7.777115,8.265779
64,15,7.6813602,8.06818
65,15,7.921821,7.607096
66,15,7.7291837,7.918838
67,15,7.097772,8.593665
68,15,7.1671815,9.969099
69,15,7.9667616,9.664763
70,15,7.7636404,8.853314
71,15,7.2721705,8.510103
60,16,12.2729845,2.352621
61,16,12.066519,2.0718207
62,16,12.284967,2.0281446
63,16,12.826497,2.4703596
64,16,12.432476,2.4291577
65,16,12.708043,2.77471
66,16,12.589852,2.5355935
67,16,12.810935,2.4844756
68,16,12.939795,3.1940267
69,16,13.330183,2.7409422
70,16,12.862856,3.6089687
71,16,13.180753,2.7647214
72,17,7.77573,8.182191
73,17,7.185196,8.077526
74,17,6.995847,7.733544
75,17,7.430763,7.421193
76,17,7.843087,8.51138
77,17,6.777939,7.7547035
78,17,6.6985755,7.7431316
79,17,7.385947,7.578205
80,17,6.837284,7.8124495
81,17,6.8822856,7.429981
82,17,6.85342,7.7305636
83,17,6.1038127,8.259473
72,18,8.279226,8.762554
73,18,7.7718754,9.0795145
74,18,7.552944,8.638448
75,18,6.8716497,8.794609
76,18,6.694967,8.739029
77,18,8.183898,9.150684
78,18,7.961817,9.016191
79,18,7.5083265,9.039402
80,18,7.5841675,8.396339
81,18,7.8168793,8.713152
82,18,7.9421425,9.261942
83,18,8.353546,9.126221
72,19,12.482599,3.2796052
73,19,12.902456,3.1676404
74,19,12.46269,3.566389
75,19,12.768736,3.2778993
76,19,12.978555,3.6803784
77,19,13.079442,3.65441
78,19,12.993522,3.9037077
79,19,13.115465,3.8011656
80,19,12.367432,4.0404196
81,19,12.357641,3.17648
82,19,13.426503,2.310623
83,19,12.764347,3.5102627
84,20,6.6854463,8.046016
85,20,7.085797,7.310355
86,20,6.2427073,6.9867
87,20,5.8754306,7.6879315
88,20,6.000261,8.085919
89,20,6.8811493,7.3279924
90,20,6.94041,7.74051
91,20,5.9886146,7.77345
92,20,6.4249516,9.515374
93,20,6.3007374,10.123465
94,20,6.5031757,9.359189
95,20,6.5885735,8.930863
84,21,7.931421,8.23182
85,21,7.581609,8.531419
86,21,7.7182374,8.499458
87,21,7.157436,8.492406
88,21,7.141325,8.5370245
89,21,7.6742635,8.730583
90,21,7.580828,7.9833403
91,21,7.8972983,8.592324
92,21,7.994996,9.869849
93,21,8.218686,10.176907
94,21,8.289791,8.883549
95,21,8.885272,8.715471
84,22,12.691106,3.2418861
85,22,13.140808,2.9965918
86,22,13.355192,2.738127
87,22,11.464064,2.487183
88,22,11.931179,2.5355394
89,22,11.999069,3.2560732
90,22,12.550077,4.12288
91,22,12.439332,3.942059
92,22,13.023159,3.1540182
93,22,12.844663,2.5941267
94,22,12.452035,3.2633107
95,22,13.000369,3.004223
96,23,7.0311556,8.034883
97,23,6.277831,8.251037
98,23,6.436977,8.484316
99,23,7.1351123,8.136335
100,23,6.920238,8.802166
101,23,6.7670193,8.36006
102,23,6.484648,7.931879
103,23,6.788281,7.9574814
104,23,6.624342,7.443304
105,23,6.7168775,7.4255
106,23,6.45556,7.2961087
107,23,5.7750673,7.3565087
96,24,8.246552,9.200329
97,24,7.9669614,9.220725
98,24,8.468355,8.9967165
99,24,8.302047,8.480598
100,24,7.863185,8.418026
101,24,7.585727,9.141776
102,24,7.4513035,9.304733
103,24,7.940098,8.807883
104,24,7.825202,8.532907
105,24,7.63838,8.185482
106,24,7.3343906,8.335148
107,24,7.1437254,8.525229
96,25,12.261934,3.517868
97,25,12.4903965,2.9375477
98,25,12.673013,2.2595778
99,25,11.9627495,2.1789198
100,25,12.647468,2.6545994
101,25,13.045072,2.5868943
102,25,12.614038,2.9126434
103,25,12.423209,2.921195
104,25,12.30317,3.4455736
105,25,12.54331,3.430077
106,25,12.36056,2.724915
107,25,12.987302,2.8498044
108,26,6.102797,8.378823
109,26,6.765391,7.639955
110,26,8.027564,7.086195
111,26,9.041857,7.447195
112,26,8.496108,6.8699236
113,26,8.105635,6.999501
114,26,6.929927,7.096715
115,26,6.59688,7.3648405
116,26,6.735846,7.822939
117,26,6.1521754,7.320278
118,26,6.0619946,8.003122
119,26,6.598279,9.169129
108,27,8.4535055,8.702172
109,27,8.174569,9.070966
110,27,7.7022996,9.216955
111,27,8.011146,9.303241
112,27,7.844589,9.316011
113,27,7.467305,8.8938465
114,27,8.035373,8.593689
115,27,8.311489,8.685032
116,27,8.268727,8.879438
117,27,8.084561,8.712331
118,27,7.610432,8.937828
119,27,6.2677174,9.7041235
108,28,13.043707,3.7131727
109,28,12.5416155,3.6411538
110,28,13.47572,3.7021358
111,28,13.406608,3.571278
112,28,12.508987,2.8523006
113,28,12.507009,3.0046523
114,28,12.168417,2.6053348
115,28,12.491905,2.4580264
116,28,12.315957,2.5382848
117,28,13.099851,2.6470833
118,28,13.365113,2.3471603
119,28,12.888582,3.1241534
120,29,7.5634403,7.8159842
121,29,8.025052,7.953607
122,29,8.2712145,9.408305
123,29,7.787969,8.302336
124,29,7.798764,8.156018
125,29,7.154355,8.095414
126,29,7.3192086,7.9452987
127,29,6.9278674,8.426138
128,29,6.842924,8.47757
129,29,6.783305,9.442162
130,29,6.273803,9.827723
131,29,6.557658,9.45693
120,30,7.7332573,9.140196
121,30,8.225558,9.005637
122,30,8.573328,9.022745
123,30,8.361608,8.878535
124,30,8.270389,9.290461
125,30,7.9930053,9.17175
126,30,8.312853,9.343554
127,30,8.627354,9.401223
128,30,8.224495,9.154527
129,30,7.879583,8.930144
130,30,7.39451,9.1316395
131,30,7.140512,9.124384
120,31,12.374637,3.3847992
121,31,12.744716,3.2096083
122,31,12.424118,2.9179623
123,31,11.846087,3.1514144
124,31,11.474327,3.7748623
125,31,11.042448,3.3466454
126,31,11.886147,3.213417
127,31,12.139114,3.1676323
128,31,12.344378,3.294213
129,31,12.864706,2.9476218
130,31,13.36445,3.080626
131,31,13.791837,3.1247714
132,32,7.3691816,8.222284
133,32,7.2770443,7.8555813
134,32,7.354109,8.338637
135,32,6.8227234,8.51121
136,32,6.9338465,8.294387
137,32,7.1761274,8.740836
138,32,7.063786,9.036244
139,32,7.2629023,8.693037
140,32,7.1690626,8.999057
141,32,7.3707356,8.483329
142,32,6.355973,8.710222
143,32,6.6628504,8.038381
132,33,7.700323,9.195445
133,33,7.689518,9.049052
134,33,7.8522706,8.973488
135,33,8.121705,8.500051
136,33,7.780387,8.465297
137,33,7.9126167,8.564193
138,33,8.303714,8.420559
139,33,8.096321,8.275227
140,33,7.926403,8.515831
141,33,8.003616,8.773913
142,33,7.5387616,8.86454
143,33,7.8625946,8.928609
132,34,12.167482,3.343396
133,34,11.915747,2.9552906
134,34,12.080271,3.0057943
135,34,11.837319,3.089075
136,34,12.229465,2.5980043
137,34,12.86196,3.0000772
138,34,12.672616,3.2639482
139,34,13.049767,3.1633365
140,34,13.510733,3.5162227
141,34,13.3804455,3.4698343
142,34,12.582266,4.1167603
143,34,12.4933405,4.238406
144,35,7.6369267,7.3106794
145,35,7.2269588,7.0947213
146,35,7.2527895,6.8082385
147,35,6.8629146,7.2937
148,35,7.6817217,7.3543744
149,35,7.06155,7.9822555
150,35,6.5734086,8.286326
151,35,6.5225787,7.8489122
152,35,6.5767303,7.9546323
153,35,6.4198017,8.273185
154,35,6.867016,8.45288
155,35,6.832908,7.600376
144,36,8.654429,9.011272
145,36,8.236082,9.648325
146,36,8.477857,9.528438
147,36,7.947562,8.986027
148,36,7.7454123,8.560768
149,36,7.735994,8.374095
150,36,8.059789,8.543047
151,36,7.579972,8.779782
152,36,7.927,8.831379
153,36,7.70748,8.077213
154,36,8.084807,8.382148
155,36,8.159134,8.510632
144,37,11.830788,3.1382432
145,37,12.296216,2.818777
146,37,11.976116,3.0877595
147,37,12.193343,3.389758
148,37,12.586906,3.5309708
149,37,12.1852045,3.3070202
150,37,12.708929,2.9396288
151,37,13.240513,2.5210576
152,37,12.815904,2.4369984
153,37,12.4177885,2.4633486
154,37,12.726791,2.7282746
155,37,12.771646,3.1480317
156,38,6.5478897,7.9201612
157,38,5.852581,8.348965
158,38,6.714351,7.4749236
159,38,7.292008,8.172685
160,38,7.22222,8.366742
161,38,6.9039345,8.340777
162,38,6.6321273,8.1669445
163,38,6.9132557,8.3734045
164,38,6.8775206,7.8163786
165,38,7.098166,8.6974535
166,38,5.915427,9.100118
167,38,5.646475,8.629378
156,39,7.5863643,9.306194
157,39,7.8528457,9.379784
158,39,8.528458,9.055419
159,39,8.586672,9.279074
160,39,8.66856,8.8579645
161,39,8.279073,8.796644
162,39,7.936225,8.77941
163,39,8.158798,8.572286
164,39,7.932893,8.5316515
165,39,7.453609,8.315954
166,39,7.691804,8.596259
167,39,8.620486,8.7019205
156,40,12.524918,3.3094385
157,40,12.4189825,3.0132
158,40,12.0807705,2.6930404
159,40,12.031941,2.6253834
160,40,11.857179,4.0337734
161,40,13.55573,2.9105625
162,40,12.906879,2.5310473
163,40,12.271295,2.4450529
164,40,12.729098,2.1250887
165,40,12.444424,3.5409002
166,40,12.596255,2.5529416
167,40,13.903179,1.6271963
168,41,7.418484,7.884629
169,41,6.0756607,8.066116
170,41,6.41972,8.567583
171,41,5.7617755,8.06864
172,41,5.5694304,8.215872
173,41,7.109316,7.857791
174,41,7.0550184,8.350919
175,41,6.7584724,8.278163
176,41,6.4848695,7.901758
177,41,5.8031683,8.03946
178,41,6.2420073,7.8344107
179,41,4.786337,8.556685
168,42,7.169384,8.9983225
169,42,7.252438,8.9796
170,42,7.1024475,8.765405
171,42,7.271656,8.790603
172,42,7.0504208,8.820975
173,42,7.6273174,8.775834
174,42,7.9481597,8.710287
175,42,8.230181,8.952931
176,42,8.03005,8.673475
177,42,7.9652467,8.874789
178,42,8.353997,9.07819
179,42,7.3192973,8.913484
168,43,14.102315,2.9603603
169,43,13.51136,2.8731027
170,43,12.797669,3.051675
171,43,12.623855,2.932097
172,43,12.11663,3.0994442
173,43,12.875155,3.1702938
174,43,12.623861,3.1124265
175,43,12.628025,3.0346384
176,43,12.542801,2.6679435
177,43,11.895448,3.28157
178,43,11.881428,3.2189233
179,43,11.501712,3.8161082
180,44,7.264049,8.085644
181,44,6.935276,7.5023646
182,44,6.5158663,7.9568863
183,44,6.739887,8.029275
184,44,6.813762,9.147924
185,44,6.5577097,9.0944805
186,44,6.367827,9.3136015
187,44,6.449002,9.41603
188,44,6.859159,9.318495
189,44,6.0858674,8.755159
190,44,7.527646,8.826434
191,44,7.0892835,8.346966
180,45,6.997704,8.580111
181,45,7.323363,8.783402
182,45,6.9072924,8.919798
183,45,7.418724,8.829789
184,45,8.017698,8.621346
185,45,7.592395,8.378447
186,45,7.7706537,8.017821
187,45,7.4237876,8.487349
188,45,7.5838566,9.064732
189,45,8.004889,9.171566
190,45,7.3277173,8.670485
191,45,7.9973516,8.584555
192,46,7.450249,8.634619
193,46,7.2987795,8.856218
194,46,6.573147,8.165657
195,46,6.40951,8.643967
196,46,5.6151776,9.073779
197,46,6.170604,8.896352
198,46,6.9712825,7.882778
199,46,6.311544,8.188188
200,46,6.595084,8.542245
201,46,6.1459723,8.330422
202,46,7.4413323,8.074597
203,46,8.788511,8.889859
192,47,7.983921,8.443933
193,47,7.6013565,8.950325
194,47,8.012071,8.487343
195,47,8.630659,8.776774
196,47,8.461264,9.171705
197,47,8.780555,10.256163
198,47,9.021434,9.05011
199,47,8.962522,8.688184
200,47,8.581206,7.8705435
201,47,9.184034,7.700278
202,47,8.417573,8.495005
203,47,8.303172,8.547289
204,48,5.432679,8.647683
205,48,6.764806,7.6252522
206,48,6.363192,8.758295
207,48,6.7031336,8.2758465
208,48,6.7606225,8.502788
209,48,6.280638,8.343492
210,48,5.5970283,8.042658
211,48,5.9587793,7.763967
212,48,5.5632877,7.8942966
213,48,5.087391,7.6090117
214,48,5.602725,7.1359253
215,48,5.9704595,6.977004
204,49,9.055114,8.565366
205,49,8.913467,8.580737
206,49,8.696743,8.7798815
207,49,8.964122,8.772036
208,49,8.19867,8.841982
209,49,8.721809,9.111925
210,49,8.9213505,10.36643
211,49,8.444697,9.952691
212,49,7.6344056,9.291942
213,49,8.088067,8.490424
214,49,6.695307,9.148195
215,49,6.179401,9.88007
216,50,6.723149,7.4920754
217,50,6.874356,7.1338806
218,50,6.6938143,7.2137127
219,50,7.0349836,7.545346
220,50,8.225867,8.446898
221,50,7.8784823,9.057699
222,50,7.2083826,9.256551
223,50,6.76697,9.145201
224,50,7.2452674,8.338355
225,50,7.104078,8.185522
226,50,5.711018,8.563787
227,50,6.4852157,8.279836
216,51,8.266934,8.684216
217,51,9.668995,8.114478
218,51,8.174416,8.382241
219,51,6.690405,7.636862
220,51,7.1604156,7.6816707
221,51,8.843692,7.767242
222,51,7.9440565,9.121105
223,51,8.215502,8.407256
224,51,7.951998,8.383221
225,51,7.4227905,7.4449925
226,51,7.6206446,8.067697
227,51,7.8597946,8.332401
228,52,7.0101147,7.9214616
229,52,7.241488,8.210743
230,52,7.271367,7.9633985
231,52,7.0934377,7.6030197
232,52,6.8002872,8.07831
233,52,7.0483007,7.8547983
234,52,5.498149,8.662254
235,52,5.472412,8.378197
236,52,5.4291496,8.435732
237,52,6.33996,9.085356
238,52,7.1010814,9.310446
239,52,7.1446757,9.037273
228,53,8.433128,9.414021
229,53,9.693526,8.490134
230,53,9.14563,8.305221
231,53,9.492178,8.569683
232,53,9.078873,8.839281
233,53,9.10149,8.778387
234,53,8.988581,8.6716
235,53,9.767255,8.942744
236,53,9.820741,8.51796
237,53,8.692449,8.790687
238,53,8.710548,9.531691
239,53,9.411053,9.161337
240,54,6.673396,8.332901
241,54,6.470042,8.260893
242,54,6.5783644,7.9943485
243,54,6.099552,8.280637
244,54,6.1887655,7.947995
245,54,5.71159,8.618916
246,54,5.5663695,8.128019
247,54,5.695505,8.252051
248,54,5.832594,7.2915373
249,54,6.897835,7.603197
250,54,6.784422,7.650034
251,54,5.8423715,8.825834
240,55,7.538167,9.569678
241,55,8.006882,9.070078
242,55,7.4597163,8.444633
243,55,7.9951687,8.250041
244,55,8.020325,8.071908
245,55,7.9369807,8.2659
246,55,8.480088,8.420981
247,55,8.705866,8.943539
248,55,7.5694823,9.0536175
249,55,6.7343664,9.964331
250,55,7.647935,9.432781
251,55,8.530484,9.594202
252,56,7.2500606,8.589596
253,56,8.191671,8.222315
254,56,7.193569,8.340192
255,56,6.9706507,8.300471
256,56,6.8376565,8.505254
257,56,6.38704,8.147704
258,56,6.891767,8.124343
259,56,6.6831527,8.2349
260,56,7.1760864,8.301809
261,56,6.293769,8.763286
262,56,7.7495017,8.603754
263,56,8.213795,7.531881
252,57,7.11486,8.988978
253,57,8.119335,9.034869
254,57,7.228464,9.968173
255,57,6.3406916,9.235467
256,57,7.9796267,8.5022955
257,57,8.812231,9.260201
258,57,8.0878525,9.991332
259,57,7.6838474,9.1925335
260,57,7.6698046,9.003246
261,57,7.6684775,8.327478
262,57,7.3222647,8.724505
263,57,6.704946,8.565092
264,58,1.2543449,6.332616
265,58,1.5216842,6.435644
266,58,1.5419774,6.418953
267,58,1.7093201,5.731267
268,58,2.1507728,5.932367
269,58,3.496414,6.2133327
270,58,3.9342055,6.533141
271,58,4.165444,6.8015084
272,58,3.8263216,7.079143
273,58,3.697803,5.9921885
274,58,5.7482686,5.5354204
275,58,5.477558,5.5961633
264,59,2.8912997,6.3548455
265,59,3.485571,5.707407
266,59,4.2822905,5.9177732
267,59,4.902639,6.04725
268,59,4.9254284,6.3126802
269,59,4.702004,6.2061353
270,59,5.243109,6.1749525
271,59,5.905004,5.848402
272,59,6.489683,6.32028
273,59,6.0025797,6.8220453
274,59,5.474158,7.343001
275,59,5.926635,6.8942904
276,60,2.5124636,8.556199
277,60,2.5316086,8.992305
278,60,2.5332842,8.773307
279,60,2.5895915,8.795551
280,60,2.4639688,8.423385
281,60,1.4222612,8.18652
282,60,1.0544178,8.62243
283,60,1.0567281,8.815888
284,60,0.91524386,9.155364
285,60,0.7598734,9.074069
286,60,0.78160954,9.420128
287,60,0.19226742,9.303528
276,61,5.147175,4.1185465
277,61,4.9997244,4.0861955
278,61,4.007472,3.907548
279,61,2.8289447,4.122615
280,61,2.2955208,3.7788188
281,61,1.9639344,3.6470535
282,61,1.8641343,3.547789
283,61,1.0211887,3.462093
284,61,0.3510151,3.042821
285,61,0.6760812,2.352834
286,61,0.8877244,2.1851306
287,61,0.9990082,1.336282
288,62,1.7369809,8.744823
289,62,1.3900473,9.078148
290,62,1.7347859,9.453302
291,62,2.2848153,10.00775
292,62,2.926831,9.67875
293,62,2.4084573,9.609972
294,62,2.2680573,9.3093195
295,62,2.1063814,9.245661
296,62,1.609019,8.982296
297,62,1.4041877,8.184504
298,62,1.2843349,7.8165584
299,62,0.6046281,8.04652
288,63,4.802538,3.6246977
289,63,4.067487,3.5301418
290,63,3.4599621,3.2924395
291,63,2.758309,3.1215403
292,63,2.184095,3.250502
293,63,1.4085135,3.271605
294,63,0.8481059,2.847987
295,63,0.03238058,2.4431524
296,63,-0.99617624,2.7617025
297,63,-1.2569995,2.2310424
298,63,-1.4073029,2.2473488
299,63,-1.398396,1.9193621
288,64,7.0630937,4.0488214
289,64,7.7283053,4.190396
290,64,7.3864946,4.223901
291,64,6.6350293,4.2387023
292,64,5.6555853,3.8030896
293,64,5.420106,3.8397756
294,64,4.585223,3.4822004
295,64,3.8344078,3.6112618
296,64,2.9163914,3.8368452
297,64,2.2164674,4.0755224
298,64,2.534615,4.300562
299,64,2.8636599,4.153465
300,65,2.3179564,8.32973
301,65,1.7274268,8.517747
302,65,1.2379141,9.045064
303,65,1.2751689,8.904023
304,65,1.6672533,9.523779
305,65,1.1522563,9.688671
306,65,1.4072406,9.535863
307,65,1.3329813,9.373513
308,65,0.93986106,9.072433
309,65,0.686111,9.20608
310,65,0.5077102,9.676668
311,65,0.47324443,9.730769
300,66,4.306767,3.360131
301,66,4.051992,3.5157964
302,66,3.587388,3.3545434
303,66,2.7885747,3.4172816
304,66,2.6238062,3.1104195
305,66,1.6621554,3.008487
306,66,0.5280967,2.640382
307,66,-0.28858566,2.5805793
308,66,-1.1062508,3.036832
309,66,-1.7313375,2.4591246
310,66,-1.8277707,2.7960305
311,66,-2.1591544,2.478926
300,67,6.575732,4.0992913
301,67,6.6345,3.8217416
302,67,6.523963,3.713263
303,67,5.278663,3.6326337
304,67,4.624696,3.1897578
305,67,4.106654,2.969399
306,67,3.7724626,2.7196054
307,67,3.3521912,2.6282563
308,67,2.3256793,2.9404445
309,67,1.873508,2.6757808
310,67,1.491919,3.3444333
311,67,1.0164347,3.1768103
300,68,5.854119,4.9487643
301,68,5.698267,5.1980214
302,68,5.4566965,5.1598606
303,68,5.210292,5.1665916
304,68,4.9029417,5.215295
305,68,4.6840086,5.001468
306,68,3.9539065,4.9714227
307,68,3.6760318,4.8134713
308,68,3.29824,4.971162
309,68,3.2035074,4.730483
310,68,2.7684913,4.7844863
311,68,2.0684705,4.5825
312,69,1.8510071,8.284369
313,69,1.7529864,8.781806
314,69,1.9841418,8.368187
315,69,2.0343056,8.073079
316,69,2.4026735,7.996577
317,69,1.8271996,7.9422207
318,69,1.7084405,8.206502
319,69,1.9872041,8.096281
320,69,1.7670113,8.227408
321,69,1.5133557,7.615007
322,69,1.1561832,7.910527
323,69,1.4782649,7.70749
312,70,5.3412385,3.8100784
313,70,4.981756,3.550753
314,70,4.3280525,3.3184493
315,70,3.603904,3.2014499
316,70,3.2671995,2.913918
317,70,2.7083635,2.749916
318,70,2.3762498,2.3915312
319,70,1.7850575,2.088772
320,70,0.988132,2.0533638
321,70,0.6424165,1.5687509
322,70,0.5543113,1.7917047
323,70,0.74490166,1.667618
312,71,6.064942,4.54425
313,71,5.06302,4.6062093
314,71,4.1451035,4.7525864
315,71,3.2729225,4.7019815
316,71,2.921938,4.9193745
317,71,3.2394412,5.1440444
318,71,2.2910895,4.8734474
319,71,1.5339904,4.8455667
320,71,0.96322775,4.9586844
321,71,0.807919,4.9543386
322,71,0.6089101,4.8030567
323,71,0.55473614,4.448397
324,72,-4.6648088,7.2730803
325,72,-5.0337405,7.578321
326,72,-5.0692115,7.593216
327,72,-5.369517,7.704015
328,72,-5.7789598,7.45636
329,72,-5.1576767,7.6794896
330,72,-5.3823905,7.959088
331,72,-5.9417877,8.278694
332,72,-5.8151903,8.42792
333,72,-6.1303205,8.6918335
334,72,-6.829669,8.537705
335,72,-6.279565,7.86267
324,73,4.5094304,4.878238
325,73,4.794855,5.0172906
326,73,5.1588516,5.132707
327,73,5.308109,4.907142
328,73,5.2547255,5.265784
329,73,6.002386,5.4433575
330,73,6.2938175,5.5729156
331,73,6.93792,5.481969
332,73,7.3925304,5.573138
333,73,7.696376,6.373166
334,73,8.538982,6.4591312
335,73,8.262275,6.565108
324,74,4.1339025,3.936686
325,74,4.664771,3.7336495
326,74,4.449672,3.5489573
327,74,4.781664,3.4966092
328,74,4.4489884,3.453074
329,74,5.873306,3.2834706
330,74,6.7964563,2.989729
331,74,6.7292933,2.6085515
332,74,7.099224,3.011352
333,74,7.3985376,2.7253175
334,74,7.4653177,3.5626962
335,74,7.6190863,3.7853885
336,75,-4.519902,7.4863997
337,75,-5.0118375,8.057798
338,75,-5.1305313,7.4885507
339,75,-5.190416,7.8624644
340,75,-5.056684,7.5920405
341,75,-5.5266824,7.968274
342,75,-5.4216347,8.205811
343,75,-5.5916657,8.166715
344,75,-5.6357584,8.293029
345,75,-5.7761674,8.190164
346,75,-5.3458123,7.2379565
347,75,-5.248998,6.670559
336,76,5.526761,5.3114367
337,76,6.263292,5.51396
338,76,6.667884,5.7971253
339,76,6.8208623,6.4180727
340,76,7.037565,6.608177
341,76,7.1706533,6.8228083
342,76,7.651786,6.908801
343,76,8.186887,6.7103896
344,76,8.93597,6.813188
345,76,9.276792,7.1836267
346,76,9.341288,7.541071
347,76,10.053897,7.465199
336,77,5.8063555,4.094928
337,77,6.4634676,4.129084
338,77,6.0731936,3.9887538
339,77,6.805689,3.8801057
340,77,6.6880436,3.9965622
341,77,6.9698706,4.005036
342,77,7.6356792,3.9859467
343,77,6.70514,4.36903
344,77,7.1979647,4.1549587
345,77,7.07242,4.48504
346,77,7.0595694,4.330303
347,77,8.278387,4.0236406
348,78,-5.155597,7.582025
349,78,-4.7304897,7.544927
350,78,-4.5824203,7.7996426
351,78,-4.474031,7.4951525
352,78,-4.703164,7.5522447
353,78,-5.317723,8.090956
354,78,-5.9426646,8.343492
355,78,-6.751997,8.418029
356,78,-6.6956935,8.647663
357,78,-6.5100555,8.261986
358,78,-6.302561,7.8443727
359,78,-6.267065,8.019783
348,79,6.2247205,4.917357
349,79,6.390774,4.9446993
350,79,6.798238,5.706795
351,79,7.2176456,4.8948097
352,79,7.369179,4.949686
353,79,8.616991,5.1457505
354,79,9.162694,5.2464647
355,79,9.571178,5.548349
356,79,10.168959,6.167616
357,79,10.33875,6.525143
358,79,10.009455,7.03203
359,79,10.600878,6.8149467
348,80,6.2638226,3.6128774
349,80,7.2194443,3.2967815
350,80,7.11043,3.2538567
351,80,7.1093025,3.7311778
352,80,7.001259,4.5819836
353,80,7.7895722,4.6134853
354,80,8.567265,4.741597
355,80,8.531489,4.679533
356,80,9.519985,4.8538046
357,80,10.342035,4.852536
358,80,9.61412,5.549904
359,80,9.966934,6.0010767
360,81,-5.00347,7.297752
361,81,-5.6299357,7.4671044
362,81,-5.678089,7.6041465
363,81,-5.723831,7.77023
364,81,-5.4242578,8.182913
365,81,-5.9167385,8.4830885
366,81,-5.608719,8.611996
367,81,-5.4365296,8.394665
368,81,-4.729867,8.381029
369,81,-5.371776,8.705496
370,81,-5.0201025,7.818697
371,81,-5.1058745,6.9333887
360,82,7.6101923,4.88915
361,82,7.796099,5.021669
362,82,8.19833,5.2810464
363,82,8.538879,5.167962
364,82,9.105903,5.2023754
365,82,9.0490885,5.281089
366,82,9.678774,5.4776306
367,82,10.344873,5.3028145
368,82,10.601037,5.6363153
369,82,10.730469,5.3896685
370,82,10.750065,5.0742207
371,82,10.549723,5.7108116
360,83,6.568973,4.0486994
361,83,7.3342147,3.7155175
362,83,7.5397906,4.108147
363,83,8.530354,4.3783007
364,83,8.082222,4.156191
365,83,8.150829,4.127212
366,83,7.957425,3.4069526
367,83,7.4614134,3.494661
368,83,8.198642,3.5303912
369,83,8.333509,2.7615175
370,83,8.173016,2.615921
371,83,7.4461474,3.3690386
372,84,8.699273,4.2821236
373,84,9.302758,4.0919967
374,84,9.489293,4.340445
375,84,10.055498,3.8133044
376,84,10.534422,3.8710775
377,84,11.78108,3.880596
378,84,12.874361,3.9217942
379,84,12.678015,3.844872
380,84,13.672005,3.2807617
381,84,13.651644,3.5976877
382,84,13.134673,3.654513
383,84,13.732815,3.9927692
372,85,6.9555154,4.393843
373,85,7.893876,3.186474
374,85,8.664005,3.0849771
375,85,8.549937,3.342938
376,85,8.709814,3.4826987
377,85,8.80578,3.9114478
378,85,9.558632,4.5300903
379,85,10.019889,4.187504
380,85,10.722452,4.0382667
381,85,10.508823,4.8036957
382,85,11.017904,3.5121522
383,85,10.439245,3.8206952
384,86,8.592263,4.945539
385,86,9.402638,4.40843
386,86,9.443144,4.4593887
387,86,9.9738655,3.7239146
388,86,10.421062,3.702323
389,86,11.653357,4.075336
390,86,12.324445,4.176605
391,86,12.653192,4.053462
392,86,12.476656,4.205935
393,86,12.644969,4.0093036
394,86,12.531235,4.0541635
395,86,13.144854,3.6771212
384,87,8.037637,4.7690625
385,87,9.117177,4.753912
386,87,9.83164,5.4576764
387,87,10.1451235,5.8849363
388,87,9.172242,5.688593
389,87,9.7803135,4.7881727
390,87,10.297998,4.4754605
391,87,10.896133,3.2459176
392,87,11.332948,3.19097
393,87,11.449813,2.801056
394,87,10.913128,2.6169732
395,87,10.61955,2.4456697
396,88,10.038033,5.3043184
397,88,11.218635,5.2811193
398,88,11.4842005,5.466764
399,88,11.520076,4.797113
400,88,11.606313,5.0852466
401,88,11.217131,5.4855576
402,88,11.849621,5.977765
403,88,11.957624,5.7206554
404,88,12.255949,5.6752405
405,88,12.2359705,6.0554
406,88,13.014158,6.3201337
407,88,14.27419,5.8933916
396,89,8.6795025,4.4849305
397,89,9.035654,3.8421597
398,89,8.909813,3.5252476
399,89,10.136496,4.0521984
400,89,10.42305,4.229553
401,89,10.389074,4.572391
402,89,11.643627,4.0061884
403,89,12.443307,4.540584
404,89,12.793559,5.129363
405,89,12.542709,5.1040807
406,89,13.072634,4.3350997
407,89,12.932138,4.8445497
408,90,11.339149,4.110588
409,90,11.766882,4.2340384
410,90,11.912609,4.2796397
411,90,11.912275,3.929975
412,90,11.813262,3.915785
413,90,12.086026,4.595983
414,90,12.08239,5.0936594
415,90,12.111422,5.0339446
416,90,12.533344,4.7063937
417,90,12.00087,3.979206
418,90,12.187625,4.0624886
419,90,12.722732,4.4071484
408,91,8.611866,4.211707
409,91,9.698737,4.1262536
410,91,10.816376,4.6294775
411,91,11.589462,4.743076
412,91,11.978747,3.9816267
413,91,11.889044,4.298437
414,91,11.72356,3.806743
415,91,12.001987,4.14499
416,91,12.06831,4.3195524
417,91,12.247174,4.1845255
418,91,11.957458,4.6008315
419,91,11.316195,5.6254396
420,92,10.624456,4.4540443
421,92,11.008313,5.525619
422,92,11.641871,5.3961277
423,92,11.984241,4.2149734
424,92,12.550192,4.4282775
425,92,13.104315,4.217436
426,92,12.928554,4.2821136
427,92,12.715285,4.4415817
428,92,12.831348,3.759228
429,92,12.335687,3.6462004
430,92,12.715907,3.990459
431,92,14.12701,3.9410434
420,93,11.189638,3.7991323
421,93,10.505503,4.214776
422,93,10.8319025,4.8952036
423,93,11.444794,5.167855
424,93,11.628433,4.457468
425,93,11.773172,4.0310516
426,93,12.1805105,4.743948
427,93,12.444815,4.569415
428,93,11.878024,4.1789722
429,93,12.081459,3.4384
430,93,12.402698,3.6087549
431,93,11.870581,3.718993
432,94,12.145422,4.4583845
433,94,13.381213,3.9831495
434,94,12.910369,3.8168778
435,94,12.943236,3.9089026
436,94,13.321324,3.523705
437,94,13.494651,4.1978884
438,94,13.392134,4.212761
439,94,13.704852,4.1680484
440,94,13.68679,4.4381623
441,94,12.840454,4.74725
442,94,11.631517,4.6157155
443,94,11.890522,5.1020803
432,95,11.500817,4.313362
433,95,12.087866,3.6504545
434,95,12.548056,4.06008
435,95,12.391336,3.7862897
436,95,12.696593,3.622797
437,95,12.296317,4.334493
438,95,12.071585,3.679257
439,95,13.031039,4.056373
440,95,13.46435,4.619833
441,95,13.691893,3.8037176
442,95,13.587126,3.9486418
443,95,13.575905,3.1885765
444,96,12.69155,4.0168185
445,96,12.133278,5.1679707
446,96,12.111112,5.564786
447,96,12.183906,4.806285
448,96,11.999118,5.243638
449,96,13.241972,5.1772084
450,96,13.588519,5.2301106
451,96,13.920087,5.968654
452,96,13.806519,5.2442894
453,96,13.360253,5.8227644
454,96,12.775032,5.9081693
455,96,12.029783,6.7084713
444,97,11.796552,3.8322144
445,97,11.923187,4.454411
446,97,12.722468,4.634534
447,97,12.168206,4.645135
448,97,11.622358,4.5899596
449,97,12.170981,4.3551893
450,97,12.350517,3.6882677
451,97,12.9018955,3.8337145
452,97,12.257535,4.193996
453,97,11.56379,3.3352752
454,97,11.622171,2.713582
455,97,12.094912,2.1126428
456,98,12.664867,4.8876686
457,98,12.677497,5.2739587
458,98,12.580713,5.257191
459,98,12.337425,4.684178
460,98,11.45739,5.3370266
461,98,12.23151,5.1322026
462,98,11.925274,5.2172666
463,98,11.850895,5.3437366
464,98,12.64528,4.5326805
465,98,12.953012,3.6901712
466,98,12.896277,3.468044
467,98,13.762733,2.5277216
456,99,11.313281,3.696731
457,99,12.1646,3.7232106
458,99,11.811109,4.401992
459,99,12.069917,4.0761547
460,99,12.718781,3.081193
461,99,11.869078,3.4852407
462,99,11.697532,3.4531715
463,99,11.252442,3.4763703
464,99,11.733866,3.0649233
465,99,11.315851,3.9681022
466,99,11.696983,4.03855
467,99,11.563111,4.1687956
468,100,5.8506985,6.039786
469,100,6.1721344,5.9019103
470,100,6.4128714,6.3583527
471,100,6.3982844,6.572805
472,100,6.615408,7.00025
473,100,6.6006565,7.031813
474,100,7.2739305,7.1214223
475,100,8.314856,6.892703
476,100,8.268734,7.1739426
477,100,7.5880356,7.846248
478,100,7.8361325,8.109742
479,100,7.7744174,7.677037
468,101,6.8910637,5.319776
469,101,7.4785004,5.160666
470,101,7.9315996,5.0791397
471,101,7.9331894,4.8329515
472,101,7.731993,4.526266
473,101,7.81073,4.889411
474,101,7.6704583,4.2932835
475,101,8.07202,3.817987
476,101,8.590386,4.0712366
477,101,9.474768,4.1810274
478,101,9.292589,5.5049615
479,101,9.9212475,5.770926
480,102,12.21491,3.6338236
481,102,12.167705,3.46367
482,102,12.352771,3.8961148
483,102,12.733988,3.4847934
484,102,12.956028,3.6562963
485,102,12.3341875,3.7261875
486,102,12.490686,4.133482
487,102,12.162154,4.1352673
488,102,11.876643,4.06315
489,102,11.458352,4.3755703
490,102,11.610991,3.8915484
491,102,11.919424,3.2486353
480,103,5.1682663,6.451369
481,103,4.4208946,6.389684
482,103,3.871102,6.185479
483,103,2.919387,5.9450254
484,103,1.9433308,5.5179267
485,103,1.2282104,5.618486
486,103,0.9552183,5.5954323
487,103,0.3713746,5.7401123
488,103,-0.27398968,5.5832186
489,103,-0.5921459,5.389237
490,103,0.09493399,4.4389095
491,103,-0.25030422,4.160681
480,104,5.5523567,7.9691253
481,104,5.787629,8.280376
482,104,6.274605,8.588163
483,104,6.3435817,8.432891
484,104,6.2338715,8.65694
485,104,6.6278286,8.88711
486,104,7.3959417,8.924239
487,104,7.994398,8.86672
488,104,8.605192,9.290187
489,104,8.681303,9.69341
490,104,8.614574,10.398556
491,104,8.604395,10.5204315
480,105,6.7473445,6.4548593
481,105,5.9869747,6.3329644
482,105,5.945859,6.35899
483,105,6.59176,6.2274714
484,105,6.681053,5.8338394
485,105,6.7270975,5.4392323
486,105,7.1363616,5.337894
487,105,7.7818646,5.0801783
488,105,8.268984,4.9616523
489,105,8.276807,5.013523
490,105,7.5572224,5.0116663
491,105,8.1261015,5.2537823
492,106,12.312939,2.9877038
493,106,12.346684,3.1585617
494,106,12.472838,3.02361
495,106,13.182418,3.285705
496,106,13.5321865,3.419583
497,106,13.054722,3.4423325
498,106,12.783865,4.01329
499,106,12.45091,4.2058935
500,106,12.015166,3.9789677
501,106,11.470089,4.3363037
502,106,11.379009,4.6743336
503,106,11.379473,4.5772734
492,107,5.11877,6.150046
493,107,4.011109,6.4221
494,107,3.0612288,6.464908
495,107,1.8577104,6.5558505
496,107,1.2979579,6.4665394
497,107,0.19811249,6.6569657
498,107,-0.5431833,6.4389777
499,107,-1.2459068,6.4278393
500,107,-2.111546,6.452261
501,107,-2.3538074,5.7762504
502,107,-2.109363,5.490502
503,107,-1.9752622,4.975586
492,108,6.3040648,6.688969
493,108,7.0403543,6.8710127
494,108,7.8110714,7.0526466
495,108,8.291794,7.169164
496,108,8.339699,6.983413
497,108,8.246876,7.0935984
498,108,8.685998,7.06977
499,108,9.522023,6.918164
500,108,10.034931,7.5204797
501,108,10.024498,7.8320546
502,108,9.853546,8.985884
503,108,9.937641,9.417093
492,109,3.3772879,5.418649
493,109,3.0550618,5.22822
494,109,2.3178184,5.343353
495,109,1.2823515,5.5703945
496,109,0.48176813,5.6183443
497,109,0.712646,5.6943035
498,109,0.63396645,5.527691
499,109,0.11244297,5.5300364
500,109,-0.27048492,5.542211
501,109,-0.7668214,5.4701166
502,109,-1.1774035,5.73118
503,109,-0.8241682,5.268364
504,110,12.230847,3.2791488
505,110,12.337614,3.5096874
506,110,12.630137,3.1829305
507,110,13.13063,3.1506739
508,110,13.463419,3.4228342
509,110,13.267328,3.6902835
510,110,13.316741,4.0609627
511,110,12.932808,4.3901625
512,110,12.467165,4.441605
513,110,12.113134,4.651429
514,110,11.893144,5.102046
515,110,12.15558,4.8566003
504,111,3.6373906,6.092047
505,111,2.7249997,6.5084143
506,111,2.0029745,6.5449624
507,111,0.7623992,6.579804
508,111,0.09468794,6.8715134
509,111,-0.5911336,7.015999
510,111,-1.5496774,6.885687
511,111,-2.1545806,6.8704166
512,111,-2.8811564,6.5283384
513,111,-3.122374,6.1193304
514,111,-3.2270284,5.8460636
515,111,-3.213912,5.196619
504,112,7.9512987,6.8485656
505,112,8.583527,6.972468
506,112,9.17596,7.259333
507,112,9.817953,7.186772
508,112,9.868129,6.828592
509,112,9.484128,6.7602587
510,112,9.912016,6.8612075
511,112,10.621671,6.7427244
512,112,11.251251,7.5087547
513,112,11.262921,7.9293737
514,112,11.300479,9.079172
515,112,11.190489,9.497472
504,113,1.787209,5.1784854
505,113,1.215864,5.071334
506,113,0.22460604,5.0929627
507,113,-0.70062923,5.453019
508,113,-1.3627586,5.573692
509,113,-1.5143776,5.6581626
510,113,-1.4718795,5.561727
511,113,-1.8008294,5.1990156
512,113,-2.1686964,5.059649
513,113,-2.4214373,4.8270874
514,113,-2.4272985,5.102189
515,113,-2.350309,4.881452
516,114,12.717016,3.5293012
517,114,12.733814,3.8512325
518,114,12.770563,4.135486
519,114,13.175878,4.2202964
520,114,13.143863,4.3464923
521,114,12.675384,4.172496
522,114,12.892185,3.9065237
523,114,12.881947,3.915595
524,114,12.957112,4.0644712
525,114,12.691888,4.5959992
526,114,12.761158,5.0754375
527,114,12.641672,4.8558254
516,115,2.614207,5.9596257
517,115,2.5035853,6.4310446
518,115,2.6250646,6.223491
519,115,1.9914006,6.382886
520,115,2.0160108,6.2411838
521,115,1.6990361,5.9847107
522,115,1.220514,5.611624
523,115,0.5603106,5.421668
524,115,-0.32111,5.564176
525,115,-1.0740964,5.3250723
526,115,-0.8871834,5.7786226
527,115,-0.8638108,5.52316
516,116,2.43528,4.778074
517,116,2.1877062,4.4240956
518,116,1.5780134,4.440657
519,116,0.3976648,4.273407
520,116,-0.32927918,3.909398
521,116,-0.7308495,3.8577518
522,116,-1.8785808,2.9818196
523,116,-2.4604504,2.7751
524,116,-3.494434,3.0155926
525,116,-4.0102243,3.1735497
526,116,-4.0748405,3.681576
527,116,-4.10905,3.7344112
516,117,3.1943836,6.561951
517,117,2.2929964,6.6159763
518,117,2.0280004,6.752258
519,117,1.6991715,6.556818
520,117,0.99960804,6.120404
521,117,0.4817214,5.9632597
522,117,-0.24785423,5.9383593
523,117,-1.1164155,6.06434
524,117,-1.8670402,6.2167196
525,117,-2.2014313,5.6675177
526,117,-2.0659723,5.2354364
527,117,-1.9525871,4.693281
528,118,5.4783244,6.4941177
529,118,5.77004,6.2448764
530,118,6.3005104,6.218772
531,118,6.6508684,7.326297
532,118,6.203416,7.7499204
533,118,6.769169,8.114565
534,118,7.031682,8.395599
535,118,7.348154,8.389868
536,118,7.468731,8.4430275
537,118,7.5254626,8.451342
538,118,7.1020846,8.429201
539,118,7.110583,7.883829
528,119,5.1645837,7.297384
529,119,5.3497143,7.471352
530,119,6.068548,7.4681315
531,119,6.423564,7.33263
532,119,6.38505,7.5856543
533,119,7.264473,7.80085
534,119,7.8307357,8.134144
535,119,8.441172,8.259909
536,119,9.388563,8.144779
537,119,9.540997,8.760065
538,119,9.3304615,8.796832
539,119,8.9903145,8.73702
528,120,6.013656,2.5015955
529,120,6.356595,2.4718752
530,120,6.676195,2.4799874
531,120,6.7029824,2.3070774
532,120,6.742937,2.4758956
533,120,7.0323744,2.4107661
534,120,7.956345,2.5864515
535,120,8.751532,2.6355834
536,120,9.370321,2.8091247
537,120,9.588497,3.246586
538,120,9.578606,3.6687655
539,120,10.022502,3.5145907
528,121,5.481291,4.377074
529,121,5.6416435,4.4272275
530,121,5.8389535,4.5349655
531,121,5.9470096,4.418647
532,121,5.847474,4.5987754
533,121,6.0584307,4.5402603
534,121,6.6726437,4.655208
535,121,7.2972646,4.4201283
536,121,7.9744954,4.264191
537,121,8.445513,4.704113
538,121,8.752534,5.2281847
539,121,9.191771,5.1071935
528,122,5.309254,4.4726124
529,122,6.1213703,4.1099963
530,122,6.522416,3.9236612
531,122,6.577947,3.9681923
532,122,6.4496293,3.4935918
533,122,6.492434,3.3396542
534,122,6.523115,3.3629506
535,122,6.9803624,3.3153243
536,122,7.220288,3.5869117
537,122,6.891154,3.685813
538,122,7.2531548,4.0212793
539,122,7.60196,3.839094
540,123,6.4397717,6.11796
541,123,6.83876,6.1756573
542,123,7.33786,6.3327603
543,123,7.601079,5.6396503
544,123,7.855688,5.94719
545,123,7.950554,6.31067
546,123,8.176383,6.4920545
547,123,8.3269,6.557819
548,123,8.584998,6.28856
549,123,8.645431,5.8975596
550,123,8.928659,5.408873
551,123,8.786068,5.072577
540,124,6.779926,7.3609986
541,124,7.2896223,7.2510777
542,124,7.75029,7.590832
543,124,8.1874,8.017998
544,124,8.200966,8.064256
545,124,9.379612,8.238612
546,124,9.925324,8.750885
547,124,10.672995,8.8509655
548,124,11.4128685,8.842376
549,124,11.648108,9.300509
550,124,11.725332,9.439081
551,124,12.156128,8.9896555
540,125,7.0679474,2.713532
541,125,7.39085,2.41761
542,125,7.48572,2.569682
543,125,7.707765,2.5762434
544,125,7.580404,2.5936427
545,125,7.9187856,2.8086476
546,125,8.908309,3.0952406
547,125,9.525385,2.9846675
548,125,10.318062,2.9068654
549,125,10.7597065,3.2699862
550,125,11.199548,3.4672763
551,125,11.644642,2.9746525
540,126,6.955843,4.0724216
541,126,7.4184475,4.10001
542,126,7.61292,4.164941
543,126,7.5287414,4.210331
544,126,7.4809628,4.1295037
545,126,7.8525057,4.248878
546,126,8.404369,4.190995
547,126,8.989822,4.276421
548,126,9.8279,4.2098575
549,126,10.249148,4.668811
550,126,10.587897,4.8971515
551,126,11.009464,4.9668307
540,127,7.072547,4.4887567
541,127,7.074791,4.332322
542,127,7.1467886,4.428292
543,127,7.0119743,4.0798388
544,127,6.678545,3.922399
545,127,6.716133,3.7164624
546,127,6.9764595,3.7974942
547,127,7.5221786,3.3465743
548,127,8.225021,3.5574598
549,127,8.192449,3.4521208
550,127,8.050373,3.66993
551,127,8.714569,3.6734505
552,128,6.9306974,7.046624
553,128,6.9486394,6.782439
554,128,7.204387,7.772302
555,128,7.695835,7.66209
556,128,7.6707735,7.89034
557,128,8.530413,8.236817
558,128,9.025139,8.60565
559,128,9.441496,8.748199
560,128,9.626753,8.412685
561,128,9.693929,8.388731
562,128,9.491085,8.177285
563,128,9.925452,7.302015
552,129,7.1401114,7.903758
553,129,7.5709805,7.9272504
554,129,8.19454,8.186998
555,129,8.448883,8.214488
556,129,8.476018,8.459832
557,129,8.98502,8.669181
558,129,9.914635,8.940185
559,129,10.621489,8.753464
560,129,11.506418,8.825932
561,129,11.970185,9.362851
562,129,11.660278,9.803505
563,129,11.577102,9.85214
552,130,8.101111,4.2554173
553,130,8.932892,3.8289428
554,130,8.998123,3.654326
555,130,9.10273,3.1654716
556,130,9.106357,2.8878973
557,130,9.373163,2.8302631
558,130,9.856476,2.409409
559,130,10.459017,2.2501035
560,130,10.970981,2.6462176
561,130,10.916084,3.4342973
562,130,10.699132,3.718939
563,130,10.53392,3.923531
564,131,7.8519382,6.5217414
565,131,8.065701,6.6588583
566,131,8.343555,6.4887547
567,131,8.445797,6.383487
568,131,8.854705,6.5067453
569,131,9.500693,6.8456383
570,131,10.008331,7.094721
571,131,10.423573,6.9056387
572,131,10.951696,6.7996225
573,131,10.961542,6.3213987
574,131,11.457298,5.6617265
575,131,12.775419,5.2559786
564,132,9.248228,7.6564407
565,132,9.570541,7.8385625
566,132,9.927691,8.2260065
567,132,10.185067,8.257509
568,132,10.438233,8.412422
569,132,11.066846,8.377185
570,132,11.93029,8.663569
571,132,12.621071,8.635799
572,132,13.434702,8.631611
573,132,13.605849,8.949215
574,132,13.624796,9.294755
575,132,13.515785,9.398658
564,133,8.446515,4.2811294
565,133,8.729835,3.5004566
566,133,8.676635,3.9230516
567,133,8.452779,3.7763124
568,133,8.731697,3.4960601
569,133,9.109716,3.20051
570,133,9.980638,3.2909658
571,133,10.254596,2.9699893
572,133,11.455439,2.7293472
573,133,11.767165,2.1920426
574,133,11.611518,3.1206393
575,133,10.92747,3.6411762
576,134,9.338935,6.7357903
577,134,9.623712,6.760296
578,134,9.89168,6.1595964
579,134,10.076903,6.265476
580,134,10.009333,6.3789883
581,134,10.989208,6.656581
582,134,11.029907,7.1977134
583,134,11.298378,7.2034593
584,134,11.697281,6.5206566
585,134,11.54097,6.880926
586,134,12.129414,6.3419986
587,134,11.541133,6.193858
576,135,9.265956,7.5370655
577,135,9.643229,7.526694
578,135,9.955496,7.720685
579,135,10.2406845,7.897004
580,135,10.258723,8.083486
581,135,10.438693,8.122423
582,135,11.134569,8.492513
583,135,11.76524,8.471989
584,135,12.584824,8.595262
585,135,13.339981,8.249223
586,135,13.112542,8.670572
587,135,13.560521,8.443143
576,136,9.593953,4.4002676
577,136,10.689796,3.738785
578,136,10.578298,3.9848824
579,136,10.596957,4.0378246
580,136,10.357128,4.0360146
581,136,10.346614,4.264177
582,136,11.070404,4.31278
583,136,11.325136,4.3812876
584,136,11.645179,4.3817215
585,136,11.865656,5.076418
586,136,12.032608,5.2104816
587,136,11.234686,5.6173525
588,137,3.7918448,3.6023374
589,137,3.7001343,3.7291598
590,137,3.972432,3.9901087
591,137,4.375581,3.8114116
592,137,4.725746,4.2924204
593,137,5.0218296,4.3784103
594,137,5.2169256,4.7293987
595,137,5.110103,5.0939255
596,137,5.299142,5.2807474
597,137,5.290506,4.7735834
598,137,5.324114,4.455445
599,137,5.2336884,4.561515
588,138,2.5792375,3.5438552
589,138,3.0225837,3.6334841
590,138,3.3065307,4.0254016
591,138,3.605585,3.6899517
592,138,3.8131046,4.1038446
593,138,5.0551257,4.0305676
594,138,5.850925,4.1132584
595,138,6.7089124,4.1210847
596,138,7.273733,4.398935
597,138,7.6806526,4.8560133
598,138,7.9473453,5.1762476
599,138,8.547972,4.8810444
588,139,4.063312,2.654867
589,139,5.245714,1.60378
590,139,4.9099236,2.3265681
591,139,4.7158604,2.2640433
592,139,5.0132823,1.8409464
593,139,5.358549,1.5578327
594,139,5.6863337,1.7695216
595,139,6.3211536,1.553128
596,139,6.9825573,1.5087005
597,139,6.762664,1.7993017
598,139,6.268428,2.5178146
599,139,6.475993,2.7618442
600,140,3.5960317,3.5239406
601,140,3.6919076,4.103785
602,140,3.910895,4.190651
603,140,4.2220592,4.9450974
604,140,4.7931037,4.5342045
605,140,6.0230107,4.8309884
606,140,6.8177824,5.1393013
607,140,7.6787972,5.053414
608,140,7.64334,5.1201878
609,140,8.175334,4.8037214
610,140,8.526228,4.430774
611,140,8.647436,4.3067675
600,141,5.265336,2.4718628
601,141,4.5284843,2.2713106
602,141,5.4712915,1.8556134
603,141,5.5912995,2.0867908
604,141,5.998088,2.3083153
605,141,7.2312765,2.1000376
606,141,7.618231,2.1783783
607,141,8.663347,1.5244455
608,141,9.733781,1.5146706
609,141,9.868144,1.1587815
610,141,9.463711,1.956702
611,141,9.721665,1.6347685
612,142,4.7571707,5.5765257
613,142,4.857815,5.706629
614,142,5.031231,6.268471
615,142,5.1904416,6.3183007
616,142,5.379689,6.591668
617,142,6.7061825,7.0037904
618,142,6.7060213,7.038991
619,142,7.2873535,6.9367194
620,142,7.732894,6.547311
621,142,8.23682,6.642385
622,142,9.239283,6.568504
623,142,9.182561,6.786026
612,143,3.0362983,3.3201916
613,143,3.6978533,3.3812456
614,143,3.5560522,3.9562597
615,143,3.8495436,3.8881269
616,143,4.595643,4.106429
617,143,5.121583,3.8427653
618,143,5.6037655,4.071766
619,143,6.1006804,4.1296315
620,143,6.995351,4.272722
621,143,7.4077625,4.208238
622,143,7.930378,4.769595
623,143,8.432152,4.675498
624,144,-2.9675026,7.1639357
625,144,-2.2135665,7.1798835
626,144,-1.8089681,7.180766
627,144,-1.5266439,6.283655
628,144,-1.264111,6.4328227
629,144,-1.1871171,6.238876
630,144,-0.90808916,6.185962
631,144,-0.62315655,6.2291846
632,144,-0.38676524,5.490663
633,144,0.06612778,5.9864078
634,144,0.7499957,5.4784203
635,144,1.1776371,5.4763813
624,145,-2.7870512,7.205111
625,145,-3.1962368,7.3924994
626,145,-2.4494097,7.7458797
627,145,-2.2965827,7.1785035
628,145,-2.1923623,6.9468
629,145,-1.2472277,7.0162253
630,145,-1.1278551,7.4297514
631,145,-0.92457104,7.2797894
632,145,-0.24418712,6.976082
633,145,-0.25498343,7.446394
634,145,0.51885986,7.356718
635,145,0.7311282,7.5487123
624,146,1.8729944,8.785422
625,146,1.6845051,7.9561653
626,146,1.5905366,8.416846
627,146,2.084883,8.340767
628,146,1.4600056,8.755001
629,146,2.5698872,8.700088
630,146,2.8194938,8.273986
631,146,2.725933,8.327611
632,146,3.2138152,8.312319
633,146,3.5970476,8.014924
634,146,3.9425807,8.202414
635,146,4.4904857,8.273042
636,147,-1.3857863,6.0476303
637,147,-1.5676339,5.7614007
638,147,-1.0884348,6.0649695
639,147,-0.8817563,6.1641417
640,147,-0.58157337,5.9761915
641,147,-0.063064575,6.3958764
642,147,0.13538194,6.4994574
643,147,0.18081188,6.8059406
644,147,0.39626884,6.4343176
645,147,0.21137643,6.5164785
646,147,0.41381145,6.5815554
647,147,0.86957765,6.2158775
636,148,-1.3861246,7.3263006
637,148,-1.107166,7.5734167
638,148,-0.6757276,7.848638
639,148,-0.62086165,7.905011
640,148,-0.26367164,7.959526
641,148,-0.6531395,8.014873
642,148,0.13104129,8.303066
643,148,0.2544682,8.139227
644,148,1.1670005,7.7265873
645,148,1.2089651,7.831814
646,148,1.4777706,8.148152
647,148,0.8247659,7.9703546
636,149,2.5501676,7.972043
637,149,2.3818085,7.576784
638,149,2.5303888,6.8976126
639,149,2.7024522,6.909556
640,149,2.307492,7.277527
641,149,2.5064127,7.376375
642,149,2.6713295,6.790598
643,149,3.6186466,6.8134894
644,149,3.29605,6.944553
645,149,3.15147,5.391273
646,149,3.421536,5.69829
647,149,4.111629,6.00134
648,150,-1.9382086,7.261108
649,150,-2.0036383,7.6408134
650,150,-1.8771174,7.541717
651,150,-1.5752331,7.2857566
652,150,-1.2926925,7.8606954
653,150,-0.87954617,7.9803615
654,150,0.040242434,8.113127
655,150,0.059541702,8.20202
656,150,1.2058437,7.2996216
657,150,1.6964116,6.2273126
658,150,2.8384254,6.3087606
659,150,3.6615179,6.1535063
648,151,-1.6588424,7.6423225
649,151,-1.9925159,6.6439962
650,151,-1.5212576,6.9208903
651,151,-1.1486906,7.1862097
652,151,-0.8896558,7.299986
653,151,-0.42770648,7.1438713
654,151,-0.2645446,5.653215
655,151,0.9617679,6.5685697
656,151,1.7322369,6.8469706
657,151,1.0343337,6.9800396
658,151,1.0387883,7.239357
659,151,1.4734044,7.0102057
660,152,-0.36994708,6.880091
661,152,-0.9766784,7.207216
662,152,0.42612398,7.1402664
663,152,0.344113,7.402727
664,152,0.47914255,7.3963337
665,152,0.8628894,7.5855274
666,152,1.3362585,7.9140596
667,152,1.0188774,7.4852233
668,152,1.05571,7.0683694
669,152,1.7692469,5.441762
670,152,1.3880156,6.1713057
671,152,1.5782298,6.5985956
660,153,-0.32908916,8.315861
661,153,-0.024692416,7.9674816
662,153,0.7558311,7.694048
663,153,1.7530128,7.878991
664,153,2.0757532,6.7384605
665,153,2.0061116,6.900601
666,153,2.432363,8.243934
667,153,2.91814,8.087379
668,153,3.9603453,8.164512
669,153,3.404078,7.420621
670,153,4.1409793,7.744825
671,153,3.923152,8.008819
672,154,0.42744017,5.8925037
673,154,1.5288997,6.0089006
674,154,1.3885331,6.534322
675,154,1.3587971,7.0737534
676,154,0.84193325,7.039641
677,154,2.4720414,7.2495584
678,154,3.2496457,7.4033184
679,154,3.6032224,7.0122066
680,154,3.7959042,5.917527
681,154,3.394116,6.184585
682,154,3.7600985,6.652438
683,154,4.479877,6.8002486
672,155,0.049318075,6.954744
673,155,-0.64455193,7.1470633
674,155,-0.685087,7.571596
675,155,-0.99340284,7.2177787
676,155,-0.5823786,6.8916063
677,155,0.12178695,6.844924
678,155,0.08501625,7.206647
679,155,0.2733916,7.689415
680,155,0.68427825,6.68633
681,155,1.560117,5.681806
682,155,1.4812043,6.1511154
683,155,2.2558005,5.9556665
684,156,-0.3263675,6.1481333
685,156,0.08918059,6.9933267
686,156,-0.17786515,5.99641
687,156,0.35810208,5.2942724
688,156,1.150303,5.7137365
689,156,1.1609539,6.0236044
690,156,2.5937324,6.3492613
691,156,2.286913,6.508286
692,156,2.45681,7.282357
693,156,3.168446,7.1562643
694,156,4.2167788,6.8002477
695,156,4.218349,5.7695665
684,157,0.776376,7.117642
685,157,0.53786266,7.319113
686,157,1.3437082,7.1932096
687,157,2.6326332,7.2590914
688,157,2.4503498,7.887961
689,157,2.12326,7.5619197
690,157,2.6001072,7.1312585
691,157,2.9459052,5.7893715
692,157,2.970736,5.8107667
693,157,2.9085355,6.40599
694,157,3.3839498,7.3750763
695,157,3.8766303,6.7522464
696,158,-0.031805843,7.3032413
697,158,0.2677865,7.032387
698,158,1.0063868,6.717076
699,158,0.5159644,6.2448797
700,158,0.5249177,6.648057
701,158,1.0129786,6.453325
702,158,1.4060326,6.0737524
703,158,1.8829465,6.5475054
704,158,2.3563278,5.946933
705,158,2.3279169,5.548989
706,158,2.4021401,5.0670924
707,158,2.0446892,4.0065327
696,159,0.06779659,7.4841666
697,159,-0.6525488,7.642597
698,159,-0.097789586,7.6945434
699,159,0.3932259,7.8466883
700,159,1.569751,8.298801
701,159,1.9976597,8.65882
702,159,1.9097316,8.498473
703,159,2.3148649,8.524088
704,159,2.0565603,7.80327
705,159,0.9832562,7.6922183
706,159,1.0265203,8.23296
707,159,2.6094825,8.3865795
708,160,0.4174773,6.506352
709,160,0.2649277,6.31345
710,160,1.0078707,6.2849803
711,160,1.1152707,4.9109306
712,160,1.3546243,5.31962
713,160,2.0794122,5.6619034
714,160,2.2004335,5.8078628
715,160,1.809884,5.261707
716,160,2.48407,5.5210533
717,160,2.2499142,6.073883
718,160,2.117463,6.7244744
719,160,2.3191276,7.676547
708,161,0.64437944,7.529059
709,161,-0.2637823,8.098264
710,161,0.8205153,7.4584813
711,161,1.5412376,7.792374
712,161,2.0862706,8.314185
713,161,2.6230795,8.228897
714,161,1.3093061,7.6300993
715,161,1.3135142,7.7675133
716,161,2.9924772,7.3885255
717,161,3.5139253,6.695898
718,161,4.3724875,6.7103286
719,161,5.2654076,6.856104
720,162,1.0936813,6.7242775
721,162,1.3340018,6.798103
722,162,1.7134457,6.072781
723,162,1.3217373,6.5802307
724,162,2.2383075,7.4956903
725,162,3.5104718,7.5455112
726,162,3.6292,7.367234
727,162,3.9620013,6.766069
728,162,4.4812837,7.8748145
729,162,5.3863378,7.6806703
730,162,5.530151,6.526272
731,162,5.0382385,6.660638
720,163,0.42689085,7.748086
721,163,1.1904554,8.306471
722,163,0.8093571,7.811468
723,163,1.6116507,7.37115
724,163,1.6630409,6.6644864
725,163,2.9560513,6.8662376
726,163,4.080417,6.714488
727,163,4.7366323,6.9480906
728,163,4.580376,6.708708
729,163,4.584233,7.0339947
730,163,5.327009,7.210014
731,163,5.4239173,6.2940426
732,164,2.1891313,6.0090384
733,164,2.5201192,6.3209324
734,164,2.855304,5.233277
735,164,3.193432,5.3837023
736,164,3.1065207,6.6527433
737,164,3.3982165,7.507475
738,164,3.3169942,7.142369
739,164,3.7609453,7.892774
740,164,4.181896,8.352388
741,164,4.538005,8.670085
742,164,6.7970195,7.8861747
743,164,6.554792,7.572917
732,165,1.2812148,7.4606705
733,165,2.015148,7.292871
734,165,1.8967047,9.056591
735,165,1.3749499,8.524482
736,165,2.508014,6.988493
737,165,2.6898704,7.308614
738,165,2.1266103,7.554681
739,165,2.3889942,7.2855716
740,165,3.7590704,7.2382493
741,165,3.565939,7.946007
742,165,3.5225978,8.52393
743,165,4.374114,9.206416
744,166,2.211356,6.01229
745,166,2.01829,5.6444917
746,166,2.628098,5.1368046
747,166,3.0996366,5.400257
748,166,3.1573198,5.772209
749,166,4.585754,6.060342
750,166,5.074479,5.449059
751,166,5.4758377,5.7619057
752,166,6.0804715,5.764341
753,166,5.801987,5.2440143
754,166,6.4931426,5.4469595
755,166,5.4813204,6.381142
744,167,3.062762,7.417095
745,167,3.446487,7.3701167
746,167,4.2598257,6.8481436
747,167,4.28913,6.5992713
748,167,4.5281296,7.379775
749,167,3.8298354,6.7317085
750,167,3.6871471,6.5238867
751,167,4.4219747,7.3411417
752,167,4.325687,6.9094353
753,167,5.234716,6.028444
754,167,5.545899,6.508122
755,167,5.1324964,5.586757
756,168,1.359878,6.280735
757,168,2.4160876,5.7670655
758,168,3.299321,5.726615
759,168,3.901469,6.2240615
760,168,3.9205775,6.1940727
761,168,3.8650384,6.4575877
762,168,4.6356115,6.644228
763,168,4.8601007,6.613938
764,168,5.0443115,6.750239
765,168,5.688865,6.3845897
766,168,6.0703115,6.1417265
767,168,6.596325,4.757494
756,169,1.9975442,7.6695776
757,169,2.1970203,7.29831
758,169,3.2763193,6.912729
759,169,3.2356129,6.7036295
760,169,3.4939537,7.012452
761,169,4.6720886,6.793399
762,169,5.711679,7.1139574
763,169,6.5786653,7.3604937
764,169,6.093501,7.789511
765,169,4.795697,6.97093
766,169,4.4433365,8.035154
767,169,5.3400607,8.027288
768,170,2.8300796,5.8768845
769,170,3.3838432,5.542415
770,170,3.0506501,5.444337
771,170,3.6449018,5.7976866
772,170,3.8085632,6.243692
773,170,5.009679,6.4589424
774,170,5.4486895,6.1583676
775,170,5.7435956,5.544715
776,170,5.253354,5.816126
777,170,5.5621147,6.0188866
778,170,6.4012685,5.6568737
779,170,6.8529778,6.432324
768,171,3.9500241,6.8560247
769,171,4.0607057,6.2437067
770,171,4.548169,7.1697817
771,171,5.3975735,7.0965676
772,171,5.2001557,6.915477
773,171,5.825264,6.5552373
774,171,6.1578674,6.272061
775,171,6.0235124,6.609705
776,171,5.9791865,6.26763
777,171,5.921664,5.0462074
778,171,5.3968105,4.6289816
779,171,6.675187,5.4194975
780,172,3.5672596,7.0015264
781,172,4.2332215,6.7487006
782,172,4.491231,6.9610834
783,172,5.2081804,6.3080363
784,172,5.343521,6.086467
785,172,5.425377,5.972667
786,172,5.3093824,6.766912
787,172,5.366375,6.544375
788,172,5.3911195,6.430257
789,172,6.085979,6.518462
790,172,6.1899757,6.73752
791,172,6.790743,6.941542
780,173,4.282562,6.8433213
781,173,5.013795,7.102449
782,173,5.2680993,7.278854
783,173,4.8968472,6.8379116
784,173,4.8097906,7.2287765
785,173,5.3371396,6.524253
786,173,4.9870443,7.151061
787,173,6.306248,6.1773367
788,173,5.680536,5.8346424
789,173,6.584647,5.68093
790,173,6.810058,5.942303
791,173,6.4558163,6.061622
792,174,2.998224,6.409613
793,174,4.24201,6.0799084
794,174,4.464521,6.284271
795,174,4.0476217,6.222567
796,174,4.5488076,5.6873903
797,174,4.706612,5.6036587
798,174,5.778401,5.8033376
799,174,5.80038,5.4278913
800,174,5.9708576,5.1635675
801,174,6.9120827,5.7854786
802,174,7.9004965,5.131162
803,174,7.919276,4.525671
792,175,4.350042,7.0606146
793,175,5.13617,6.5893345
794,175,6.4505873,6.1942325
795,175,5.8701286,6.1898956
796,175,6.7055683,6.7953215
797,175,7.019928,7.426114
798,175,7.051545,7.6382537
799,175,7.362694,7.3802757
800,175,7.6568117,6.4255657
801,175,8.037236,4.622753
802,175,7.687361,6.240879
803,175,7.0824003,5.9988413
804,176,3.080904,6.16663
805,176,4.654445,5.7637906
806,176,5.1225142,5.8086634
807,176,5.572745,4.895273
808,176,6.250942,5.6879835
809,176,7.0714636,5.9581447
810,176,7.1468616,5.3608394
811,176,7.25216,5.594034
812,176,7.1257076,6.06331
813,176,5.7943783,6.3074083
814,176,6.384226,6.5542884
815,176,6.10487,5.664702
804,177,4.281176,7.0629325
805,177,5.1050878,6.7110057
806,177,5.113572,6.864263
807,177,5.584384,7.5230365
808,177,5.692032,7.8525925
809,177,6.7631445,7.45095
810,177,6.2270923,8.525976
811,177,6.3751674,8.772863
812,177,6.797306,8.280705
813,177,7.253384,7.4841976
814,177,7.658145,8.084056
815,177,8.525859,8.265914
816,178,4.268697,6.1736197
817,178,3.8778744,6.1525145
818,178,4.840427,5.6950107
819,178,5.8394175,5.3145475
820,178,6.806072,5.7595534
821,178,7.1140223,5.687461
822,178,7.214626,6.3903728
823,178,6.8090916,6.6192365
824,178,7.9477453,6.180958
825,178,7.2479234,7.3604374
826,178,8.149828,7.7429867
827,178,8.794363,8.492208
816,179,3.8291302,7.863941
817,179,4.303528,7.1239405
818,179,5.5617924,7.118856
819,179,6.364276,7.4058948
820,179,6.4561734,8.360479
821,179,6.500952,7.778035
822,179,6.3885155,8.010925
823,179,7.049745,8.262142
824,179,6.4955225,8.468096
825,179,6.519524,8.227619
826,179,6.5325837,7.982336
827,179,6.456212,7.032805
828,180,5.6670113,6.993697
829,180,5.6663284,6.3336535
830,180,6.022628,6.342027
831,180,6.91753,6.7599077
832,180,7.08767,6.9592476
833,180,7.9727435,7.338807
834,180,8.433826,6.9210377
835,180,9.348799,6.878902
836,180,9.916178,6.8385277
837,180,9.225719,7.715354
838,180,8.231517,7.7772417
839,180,8.330185,7.9165907
828,181,5.075895,7.8557625
829,181,6.01472,9.124394
830,181,5.3455014,8.549301
831,181,6.5741353,7.4876566
832,181,6.245432,7.301609
833,181,6.8384733,7.073834
834,181,6.5520077,6.6198273
835,181,7.118747,6.5909996
836,181,8.177467,6.7015567
837,181,7.787716,7.216897
838,181,8.08953,7.386115
839,181,7.680271,8.050174
